gene,L1_Krishnan_scRNAseq,L2_Awad_CRISPR_KO,L3_Krishnan_ML,L4_Sacco_RNAseq,L5_Sacco_Phospho,evidence_count
JUN,1,1,0,1,1,4
GMNN,1,0,0,1,1,3
PGAM1,1,1,0,0,1,3
PER1,1,1,0,1,0,3
MYC,1,1,0,0,1,3
PNRC1,1,1,0,1,0,3
CLSPN,1,1,0,0,1,3
PCNA,1,0,0,1,1,3
INSIG1,1,1,1,0,0,3
MCM5,1,1,0,1,0,3
HMGCS1,1,1,0,1,0,3
FDPS,1,1,0,1,0,3
ITGB2,1,1,0,0,1,3
EGR1,1,1,0,1,0,3
KIF20A,0,1,0,1,0,2
TNFRSF4,1,0,0,1,0,2
KLC4,0,1,0,1,0,2
TNFAIP3,1,0,0,1,0,2
DAPP1,0,1,0,0,1,2
KLF2,1,0,0,1,0,2
TRIOBP,0,0,0,1,1,2
BHLHE40,1,0,0,1,0,2
NUSAP1,1,0,0,1,0,2
TMPO,0,0,1,1,0,2
TSC22D3,1,0,0,1,0,2
NXN,0,1,0,1,0,2
CYP51A1,0,1,0,1,0,2
SLC29A1,1,0,0,1,0,2
SLC2A1,0,1,0,1,0,2
GP1BB,0,1,0,0,1,2
CYLD,0,0,0,1,1,2
TRADD,0,0,0,1,1,2
TPX2,0,0,0,1,1,2
BTG2,1,0,0,1,0,2
BUB1,0,1,0,1,0,2
GPHN,0,0,0,1,1,2
TPD52,0,1,0,0,1,2
GPR132,0,1,0,1,0,2
TOP2A,0,0,0,1,1,2
P2RX1,0,1,0,1,0,2
CTTN,0,0,0,1,1,2
BOLA3,0,1,0,1,0,2
DHFR,1,0,0,1,0,2
RAB13,1,0,0,1,0,2
LEPROT,1,0,0,1,0,2
ATP5MC1,1,1,0,0,0,2
UBE2T,0,1,0,1,0,2
GATA2,1,0,0,0,1,2
ATF7IP2,1,0,0,1,0,2
ATF3,1,1,0,0,0,2
NUCKS1,1,0,0,1,0,2
GAS2,1,0,1,0,0,2
RACGAP1,0,0,0,1,1,2
ASF1B,1,0,0,1,0,2
RAD23A,1,0,0,0,1,2
LIPC,0,1,0,1,0,2
USF1,0,0,0,1,1,2
LMNA,1,0,0,0,1,2
GAD1,0,1,0,1,0,2
GAB2,0,0,0,1,1,2
LIG1,1,0,0,1,0,2
BCO2,0,1,0,1,0,2
JAKMIP3,0,1,0,1,0,2
DDAH2,1,0,0,1,0,2
TSPO,1,1,0,0,0,2
DDIT3,1,0,0,1,0,2
GINS2,1,0,0,1,0,2
BAX,1,1,0,0,0,2
TTK,0,1,0,1,0,2
PTPN7,1,0,1,0,0,2
TYMS,0,1,0,1,0,2
TUBA1A,1,0,0,1,0,2
TUBB,1,0,0,0,1,2
DDX60L,0,1,0,1,0,2
PTTG1,0,1,0,1,0,2
SIK3,0,0,0,1,1,2
NR4A2,1,0,0,1,0,2
DEPP1,1,1,0,0,0,2
DES,0,1,0,0,1,2
QRICH2,0,1,0,1,0,2
PTPRC,0,1,0,0,1,2
CDK1,0,0,0,1,1,2
PI4KB,0,0,0,1,1,2
HIST3H2A,1,0,0,1,0,2
CDCA5,1,0,0,0,1,2
SYPL1,1,1,0,0,0,2
HSPE1,1,0,1,0,0,2
CDC25C,0,0,0,1,1,2
SYTL2,0,1,0,1,0,2
RALA,1,0,0,0,1,2
CD83,1,0,0,1,0,2
PHB,1,0,0,1,0,2
IDH1,1,0,0,0,1,2
CD38,1,0,1,0,0,2
HIF1A,1,0,0,1,0,2
IDS,1,1,0,0,0,2
CD300A,1,0,0,1,0,2
IER2,1,0,0,1,0,2
SQSTM1,0,0,0,1,1,2
HLA-E,1,0,0,1,0,2
CHAF1B,0,1,0,1,0,2
CFP,1,1,0,0,0,2
HMGCR,0,1,0,1,0,2
CHN1,0,1,0,1,0,2
CHN2,0,0,0,1,1,2
PKMYT1,1,0,0,0,1,2
PLCD1,0,1,0,1,0,2
SSH1,0,1,0,0,1,2
CENPU,1,0,0,0,1,2
STMN1,1,0,0,1,0,2
PLD1,0,0,0,1,1,2
STAR,0,0,0,1,1,2
CKS1B,1,0,0,1,0,2
CKS2,0,1,0,1,0,2
HSH2D,1,1,0,0,0,2
HK2,0,1,0,0,1,2
CEP55,0,0,0,1,1,2
TK1,1,1,0,0,0,2
CPA3,1,0,1,0,0,2
GUK1,0,1,0,1,0,2
SNRPA,1,1,0,0,0,2
IRF3,0,0,0,1,1,2
CALCOCO2,1,0,1,0,0,2
SNHG7,1,0,1,0,0,2
CRHBP,1,0,0,1,0,2
CD200,1,0,0,1,0,2
PBXIP1,1,0,0,1,0,2
PBX1,1,1,0,0,0,2
C9orf131,0,1,0,1,0,2
C6orf48,1,0,0,1,0,2
C5AR1,0,1,0,1,0,2
ITM2A,1,1,0,0,0,2
PRDX1,1,0,0,1,0,2
CSNK1D,0,0,0,1,1,2
CACNA1F,0,1,0,1,0,2
POFUT2,0,1,0,1,0,2
PFKFB4,0,1,0,0,1,2
HEG1,0,1,0,1,0,2
IGF1R,0,1,0,0,1,2
POLD2,1,1,0,0,0,2
SPATC1L,1,1,0,0,0,2
PDE4B,1,0,0,1,0,2
CCDC146,0,1,0,1,0,2
H1FX,1,0,1,0,0,2
TET2,0,1,0,1,0,2
SP100,1,0,0,0,1,2
IL3RA,1,0,0,1,0,2
PCDHGC4,0,1,0,1,0,2
THEMIS2,0,1,0,1,0,2
THOC3,1,1,0,0,0,2
SOD2,1,0,0,1,0,2
SOCS2,0,1,0,0,1,2
PPARD,0,1,0,1,0,2
RIN3,0,1,0,1,0,2
NCOA3,0,0,0,1,1,2
ANGPT1,1,0,0,0,1,2
RPS29,1,0,0,1,0,2
YIF1B,1,1,0,0,0,2
EEF1A2,0,1,0,0,1,2
RPS28,1,0,0,1,0,2
YBX1,1,1,0,0,0,2
XPC,1,0,0,0,1,2
EREG,1,0,0,1,0,2
MVK,0,1,0,1,0,2
APAF1,0,1,0,0,1,2
MAP2K4,0,0,0,1,1,2
ECHS1,1,0,1,0,0,2
MTRNR2L12,1,0,0,1,0,2
DYRK1B,0,0,0,1,1,2
WNK4,0,1,0,0,1,2
ACAT2,0,1,0,1,0,2
FLI1,1,0,0,0,1,2
ESPL1,0,0,0,1,1,2
MAFG,0,0,0,1,1,2
DUSP1,1,1,0,0,0,2
MT2A,0,1,1,0,0,2
MT1X,0,1,0,1,0,2
RPS21,1,1,0,0,0,2
RSU1,0,0,1,1,0,2
EIF4EBP1,1,0,0,0,1,2
AHNAK,0,0,0,1,1,2
EIF4A2,1,0,0,1,0,2
RUFY3,0,1,0,1,0,2
ZFP36L2,1,0,0,1,0,2
MECOM,1,0,0,0,1,2
RUNX3,0,0,0,1,1,2
MED12,0,1,0,0,1,2
ZEB2,0,0,0,1,1,2
MCM3,1,0,0,1,0,2
SAE1,1,0,0,1,0,2
MRPL4,1,1,0,0,0,2
MED13L,0,0,0,1,1,2
ALDH1A1,1,0,0,0,1,2
ALDH1A2,0,1,0,0,1,2
NBPF14,1,1,0,0,0,2
MYO10,0,1,0,1,0,2
FDFT1,0,1,0,1,0,2
FDXR,1,1,0,0,0,2
MAVS,0,0,0,1,1,2
ENO1,1,0,0,0,1,2
FER,0,0,0,1,1,2
FES,1,0,0,0,1,2
RHOB,1,0,0,1,0,2
LST1,1,0,0,1,0,2
NFKBIZ,1,0,0,1,0,2
RPL39,1,0,1,0,0,2
NFAT5,0,1,0,0,1,2
ACTA2,1,1,0,0,0,2
NFE2,1,0,0,0,1,2
FSCN1,1,0,0,1,0,2
RPL36A,1,0,0,1,0,2
MND1,1,0,0,1,0,2
RARB,0,1,0,1,0,2
DOK1,1,0,0,0,1,2
MRPS7,1,1,0,0,0,2
LRRC4,0,1,0,1,0,2
RPL38,1,0,0,1,0,2
RPL31,1,0,0,1,0,2
VAMP5,1,0,0,1,0,2
ACSM1,0,1,0,1,0,2
NFKBIA,1,0,0,1,0,2
ZWINT,1,0,0,0,1,2
ADGRG5,1,0,0,1,0,2
NFKB2,0,0,0,1,1,2
RPL8,1,0,1,0,0,2
SESN3,0,1,0,1,0,2
ETV6,0,1,0,0,1,2
APLP2,1,0,0,0,1,2
RPL37,1,0,0,1,0,2
DPYSL2,0,0,0,1,1,2
POT1,0,0,0,1,0,1
PPIA,1,0,0,0,0,1
PPA1,1,0,0,0,0,1
RIMS3,0,1,0,0,0,1
RICTOR,0,1,0,0,0,1
PPFIBP2,0,1,0,0,0,1
RHOH,1,0,0,0,0,1
ROPN1L,0,1,0,0,0,1
RHOT2,0,0,0,0,1,1
PPFIA3,0,1,0,0,0,1
RHPN2,0,1,0,0,0,1
PPDPF,0,1,0,0,0,1
PPFIA4,0,1,0,0,0,1
PLAGL1,0,1,0,0,0,1
PPP1R15A,1,0,0,0,0,1
PLAU,0,1,0,0,0,1
PPP1R14A,0,1,0,0,0,1
PPP1R13L,0,1,0,0,0,1
RPL22,1,0,0,0,0,1
PPP1CA,1,0,0,0,0,1
RPL18,0,0,0,1,0,1
RHBDL2,0,1,0,0,0,1
RHCE,0,1,0,0,0,1
POU2F1,0,0,0,0,1,1
PPME1,0,0,0,0,1,1
RPL13,0,0,0,1,0,1
RHD,0,1,0,0,0,1
PPM1J,0,1,0,0,0,1
RPL10L,0,0,0,1,0,1
PPM1H,0,1,0,0,0,1
RPAP2,0,1,0,0,0,1
RHOBTB1,0,0,0,1,0,1
PPIAL4D,0,0,0,1,0,1
PLCG2,0,0,0,0,1,1
RPL17,1,0,0,0,0,1
ROBO2,0,1,0,0,0,1
RNASET2,1,0,0,0,0,1
PNPLA7,0,0,0,1,0,1
PLIN2,0,0,0,1,0,1
RND1,0,1,0,0,0,1
PNPLA3,0,0,0,1,0,1
PNPLA2,0,0,0,1,0,1
RNF130,0,1,0,0,0,1
PNPLA1,0,1,0,0,0,1
PLK1,0,0,0,1,0,1
PLEKHA5,0,1,0,0,0,1
RNF5,0,0,0,0,1,1
PNISR,1,0,0,0,0,1
PMVK,1,0,0,0,0,1
PMAIP1,0,0,1,0,0,1
RNF185,0,1,0,0,0,1
RNF213,0,0,0,1,0,1
PLK2,1,0,0,0,0,1
RNF224,0,1,0,0,0,1
PM20D2,0,1,0,0,0,1
PLP2,1,0,0,0,0,1
PLSCR1,0,0,0,0,1,1
PNKD,1,0,0,0,0,1
POPDC2,0,1,0,0,0,1
PLD3,0,0,0,1,0,1
POMC,1,0,0,0,0,1
PLEC,0,0,0,0,1,1
RIN2,0,0,0,1,0,1
ROBO3,0,1,0,0,0,1
POLR3D,0,1,0,0,0,1
POLR2E,1,0,0,0,0,1
POLI,0,0,0,1,0,1
POLG2,0,0,0,1,0,1
POLE2,0,0,0,1,0,1
RNASEL,0,0,0,1,0,1
POLA2,0,0,0,1,0,1
PLEKHJ1,0,0,1,0,0,1
POLA1,0,0,0,1,0,1
RIPK2,1,0,0,0,0,1
PLEKHM1,0,0,0,1,0,1
POGLUT1,0,1,0,0,0,1
RIPK3,0,0,0,1,0,1
RLIM,0,0,0,0,1,1
PLEKHM3,0,0,0,1,0,1
RNASEH2A,0,1,0,0,0,1
PPP1R27,0,1,0,0,0,1
RIPK1,0,0,0,0,1,1
PTPRF,0,1,0,0,0,1
RBPJ,0,0,0,0,1,1
RCAN1,0,0,0,0,1,1
RCAN3,0,1,0,0,0,1
RCN1,1,0,0,0,0,1
PTPN6,0,0,0,1,0,1
RCN3,0,1,0,0,0,1
PTP4A1,1,0,0,0,0,1
PTMA,0,1,0,0,0,1
RCSD1,0,0,0,0,1,1
PTK7,0,0,0,1,0,1
RDM1,0,1,0,0,0,1
PTK2B,0,0,0,1,0,1
RGL2,0,0,0,1,0,1
PTGS2,1,0,0,0,0,1
PTGS1,1,0,0,0,0,1
REC8,1,0,0,0,0,1
PTBP2,0,0,0,1,0,1
PSTPIP1,0,0,0,0,1,1
PSME2,1,0,0,0,0,1
REEP4,0,1,0,0,0,1
REEP6,0,1,0,0,0,1
PSMD8,1,0,0,0,0,1
REL,0,0,0,0,1,1
RELL1,0,1,0,0,0,1
PSMD2,0,0,0,0,1,1
PSMB8,1,0,0,0,0,1
PTK2,0,0,0,0,1,1
RAMP1,1,0,0,0,0,1
RALGPS2,0,1,0,0,0,1
RAI14,0,0,0,0,1,1
RANBP3,0,0,0,0,1,1
RANGAP1,0,0,0,0,1,1
RAF1,0,0,0,0,1,1
RAD51AP1,1,0,0,0,0,1
RAP1GAP,0,0,0,0,1,1
RAPGEF3,0,0,0,1,0,1
RAD21L1,0,1,0,0,0,1
RASGEF1A,0,1,0,0,0,1
RABAC1,0,1,0,0,0,1
RASGRF1,0,1,0,0,0,1
RBM5,0,0,0,1,0,1
RAB4B,0,0,0,1,0,1
RAB3A,0,1,0,0,0,1
RASGRP2,1,0,0,0,0,1
RAB33B,0,0,0,1,0,1
RASGRP4,0,1,0,0,0,1
RAB27B,0,1,0,0,0,1
RASSF5,0,1,0,0,0,1
RAB11FIP5,0,1,0,0,0,1
QSOX2,0,0,0,1,0,1
RB1,0,0,0,0,1,1
RBFOX1,0,1,0,0,0,1
PYGB,0,1,0,0,0,1
PYCARD,1,0,0,0,0,1
RBM25,1,0,0,0,0,1
RAB9A,0,0,0,1,0,1
PRKCB,0,0,0,0,1,1
PRKCA,0,0,0,0,1,1
PRKAR1A,0,0,0,0,1,1
PRKAG1,0,0,0,0,1,1
PRKACB,0,0,0,0,1,1
PRKACA,0,0,0,0,1,1
PRKAB1,0,0,0,0,1,1
PRIM1,0,0,0,1,0,1
PRICKLE1,0,1,0,0,0,1
PRG4,0,0,0,1,0,1
PREX1,0,0,1,0,0,1
PRDX6,0,0,0,0,1,1
PRDX5,1,0,0,0,0,1
PSMB6,1,0,0,0,0,1
PRC1,0,0,0,1,0,1
RGS16,0,1,0,0,0,1
PPWD1,0,0,0,1,0,1
PPP5C,0,0,0,0,1,1
RGS19,1,0,0,0,0,1
RGS2,0,0,0,1,0,1
PPP4R1L,0,0,0,1,0,1
PPP3CB,0,0,0,0,1,1
PPP3CA,0,0,0,0,1,1
PPP1R3F,0,0,0,1,0,1
RHBDD2,0,0,0,1,0,1
PPP1R32,0,0,0,1,0,1
RHBDF1,0,0,0,1,0,1
PRDM9,0,1,0,0,0,1
PSMB5,1,0,0,0,0,1
PSMB3,1,0,0,0,0,1
PSMB2,1,0,0,0,0,1
PSMB10,1,0,0,0,0,1
PSMA7,1,0,0,0,0,1
PSKH1,0,1,0,0,0,1
REPS2,0,1,0,0,0,1
PSEN1,0,0,0,0,1,1
RERG,0,1,0,0,0,1
RESF1,0,1,0,0,0,1
PSAP,0,0,0,1,0,1
RFC2,1,0,0,0,0,1
RFC3,0,0,0,1,0,1
PRKCD,0,0,0,0,1,1
PRSS57,1,0,0,0,0,1
RFC4,0,0,0,1,0,1
PRSS37,0,1,0,0,0,1
RFX5,0,0,0,0,1,1
PRSS21,1,0,0,0,0,1
PRSS2,0,1,0,0,0,1
PRR13,1,0,0,0,0,1
PRR11,0,0,0,1,0,1
PRPS2,0,1,0,0,0,1
RGCC,0,1,0,0,0,1
PROX2,0,1,0,0,0,1
PROX1,0,1,0,0,0,1
PROCR,0,1,0,0,0,1
PRKD2,0,0,0,0,1,1
PRTFDC1,0,0,0,1,0,1
NET1,0,0,1,0,0,1
NEURL2,0,0,0,1,0,1
NF2,0,0,0,0,1,1
NFATC1,0,0,0,0,1,1
NFE2L2,0,0,0,1,0,1
NFIB,0,1,0,0,0,1
NFKB1,0,0,0,0,1,1
NFKBIB,0,0,0,0,1,1
RPL21,1,0,0,0,0,1
NHP2,1,0,0,0,0,1
NIBAN1,0,1,0,0,0,1
NID1,0,0,0,1,0,1
NIFK,1,0,0,0,0,1
NIPAL2,0,0,0,1,0,1
NIPSNAP3B,0,0,0,1,0,1
NISCH,0,0,0,1,0,1
NIT1,0,0,0,1,0,1
NGFR,0,1,0,0,0,1
NDUFAF3,1,0,0,0,0,1
NDUFS3,1,0,0,0,0,1
NDUFS7,1,0,0,0,0,1
NDUFS8,1,0,0,0,0,1
NDUFV1,1,0,0,0,0,1
NEAT1,1,0,0,0,0,1
NEB,0,1,0,0,0,1
NEBL,0,1,0,0,0,1
NES,0,0,0,0,1,1
NEDD4L,0,0,0,0,1,1
NEDD9,0,1,0,0,0,1
NEFH,0,0,0,0,1,1
NEIL1,0,0,0,1,0,1
NEK1,0,1,0,0,0,1
NEK2,0,0,0,1,0,1
NEK3,0,0,0,1,0,1
NEMF,0,0,1,0,0,1
NEDD1,0,0,0,0,1,1
NPRL3,0,1,0,0,0,1
NR1H2,0,0,0,1,0,1
NR1H3,0,0,0,1,0,1
NR2F2,0,0,0,0,1,1
NR2F6,0,0,0,0,1,1
NR3C1,0,0,0,0,1,1
NR4A1,0,0,0,1,0,1
NR4A3,0,0,0,1,0,1
NKD2,0,1,0,0,0,1
NRARP,0,1,0,0,0,1
NRBF2,0,0,0,0,1,1
NRGN,0,1,0,0,0,1
NRIP1,1,0,0,0,0,1
NRROS,1,0,0,0,0,1
NRSN2,0,0,0,1,0,1
NRXN2,0,0,0,1,0,1
NSDHL,0,1,0,0,0,1
NR5A2,0,1,0,0,0,1
NKTR,0,0,0,1,0,1
NLK,0,1,0,0,0,1
NLRP11,0,1,0,0,0,1
NME1,0,0,0,0,1,1
NME2,1,0,0,0,0,1
NME3,0,0,0,1,0,1
NME8,0,0,0,1,0,1
NMNAT1,0,1,0,0,0,1
NPR3,1,0,0,0,0,1
NOS1AP,0,1,0,0,0,1
NOS3,0,1,0,0,0,1
NOTCH1,0,1,0,0,0,1
NOTCH2,0,0,0,0,1,1
NOXO1,0,1,0,0,0,1
NPDC1,0,1,0,0,0,1
NPHP3,0,0,0,1,0,1
NPHS1,0,1,0,0,0,1
NPIPB11,0,0,0,1,0,1
NOG,0,0,0,1,0,1
MTHFSD,0,0,0,1,0,1
MTMR3,0,0,0,1,0,1
MTRNR2L10,0,0,0,1,0,1
MTRNR2L3,0,0,0,1,0,1
MTRNR2L4,0,0,0,1,0,1
MTRNR2L8,0,0,0,1,0,1
MTSS1,0,0,0,0,1,1
MUC1,0,0,0,0,1,1
NDUFA4L2,0,0,0,1,0,1
MVP,0,0,0,1,0,1
MXD1,0,0,0,1,0,1
MXD4,0,0,0,1,0,1
MYADM,1,0,0,0,0,1
MYBBP1A,0,0,0,0,1,1
MYCT1,1,0,0,0,0,1
MYH3,0,0,0,1,0,1
MYH7B,0,0,0,1,0,1
MVD,0,0,0,1,0,1
MRPL41,0,0,0,1,0,1
MRPS25,1,0,0,0,0,1
MRPS34,1,0,0,0,0,1
MRPS35,0,0,0,1,0,1
MS4A4E,0,0,0,1,0,1
MSANTD2,0,1,0,0,0,1
MSH5-SAPCD1,0,0,0,1,0,1
MSI2,1,0,0,0,0,1
MTFP1,0,0,0,1,0,1
MST1,0,0,0,1,0,1
MT-ATP8,1,0,0,0,0,1
MT-ND3,1,0,0,0,0,1
MT-ND4,1,0,0,0,0,1
MT-ND6,1,0,0,0,0,1
MT1E,0,1,0,0,0,1
MT1G,0,1,0,0,0,1
MT1H,0,0,0,1,0,1
MTERF4,0,0,0,1,0,1
MSMO1,0,0,0,1,0,1
NASP,0,0,0,1,0,1
NAT8L,0,1,0,0,0,1
NBEA,0,1,0,0,0,1
NBR1,0,0,0,0,1,1
NCAPD2,0,0,0,1,0,1
NCAPG,0,0,0,1,0,1
NCAPH,0,0,0,1,0,1
NCF4,1,0,0,0,0,1
MYL12A,0,0,0,0,1,1
NCOA2,0,0,0,0,1,1
NCOA4,0,0,0,1,0,1
NCOA6,0,0,0,0,1,1
NCS1,0,1,0,0,0,1
NDC80,0,0,0,1,0,1
NDFIP1,1,0,0,0,0,1
NDRG1,0,0,0,0,1,1
NDST2,0,1,0,0,0,1
NCK2,0,0,0,1,0,1
MYL12B,1,0,0,0,0,1
MYL4,0,1,0,0,0,1
MYL5,0,0,0,1,0,1
MYLIP,0,0,0,1,0,1
MYLK,0,0,0,0,1,1
MYO15A,0,1,0,0,0,1
MYO15B,0,1,0,0,0,1
MYO18B,0,0,0,1,0,1
NAPA,1,0,0,0,0,1
MYO6,0,0,0,1,0,1
MYO7A,0,1,0,0,0,1
MYOM1,0,0,0,1,0,1
MZB1,1,0,0,0,0,1
NAB2,0,1,0,0,0,1
NABP1,0,0,0,1,0,1
NACC2,0,0,0,1,0,1
NADSYN1,0,0,0,1,0,1
NAMPT,0,0,0,0,1,1
MYO1C,0,0,0,0,1,1
PCYT2,0,0,0,1,0,1
PDCD2L,0,1,0,0,0,1
PDCL2,0,1,0,0,0,1
PDE1B,0,1,0,0,0,1
PDE4D,0,1,0,0,0,1
PDGFB,0,1,0,0,0,1
PDHB,0,0,0,1,0,1
PDK4,0,0,0,1,0,1
NT5M,0,1,0,0,0,1
PDLIM5,0,0,0,1,0,1
PECAM1,0,0,1,0,0,1
PECR,0,1,0,0,0,1
PERP,0,1,0,0,0,1
PEX11G,0,0,0,1,0,1
PFDN5,0,0,0,1,0,1
PFKP,0,0,0,0,1,1
PGK1,0,1,0,0,0,1
PDLIM1,1,0,0,0,0,1
PCDHGA4,0,1,0,0,0,1
PCDHGA6,0,1,0,0,0,1
PCDHGA7,0,1,0,0,0,1
PCDHGA8,0,1,0,0,0,1
PCDHGA9,0,1,0,0,0,1
PCDHGB3,0,1,0,0,0,1
PCDHGB4,0,1,0,0,0,1
PCDHGB5,0,1,0,0,0,1
PCYT1A,0,0,0,0,1,1
PCDHGB7,0,1,0,0,0,1
PCDHGC3,0,1,0,0,0,1
PCDHGC5,0,1,0,0,0,1
PCED1A,0,0,0,1,0,1
PCLAF,1,0,0,0,0,1
PCNX2,0,1,0,0,0,1
PCSK4,0,1,0,0,0,1
PCSK6,0,0,0,1,0,1
PCYOX1L,0,1,0,0,0,1
PCDHGB6,0,1,0,0,0,1
PIK3CB,0,0,0,0,1,1
PIK3CG,0,1,0,0,0,1
PIK3R1,1,0,0,0,0,1
PIK3R2,0,0,0,0,1,1
PIK3R5,0,0,1,0,0,1
PIMREG,0,1,0,0,0,1
PINX1,0,0,0,0,1,1
PIPOX,0,0,0,1,0,1
PGM1,0,0,0,0,1,1
PITPNC1,0,0,0,1,0,1
PKHD1L1,0,1,0,0,0,1
PKM,1,0,0,0,0,1
PKP2,0,1,0,0,0,1
PLA2G2C,0,1,0,0,0,1
PLA2G4A,0,0,0,0,1,1
PLA2G6,0,1,0,0,0,1
PLAC8,1,0,0,0,0,1
PIR,0,1,0,0,0,1
PGM2L1,0,1,0,0,0,1
PGR,0,0,0,0,1,1
PGRMC1,0,0,0,1,0,1
PHF11,0,0,0,1,0,1
PHF21A,0,0,0,1,0,1
PHGDH,0,0,0,1,0,1
PHKA1,0,0,0,1,0,1
PHKG1,0,0,0,1,0,1
PIGB,0,1,0,0,0,1
PHLDB2,1,0,0,0,0,1
PHOX2A,0,0,0,0,1,1
PHPT1,1,0,0,0,0,1
PHTF1,0,0,0,1,0,1
PHTF2,0,1,0,0,0,1
PHYKPL,0,0,0,1,0,1
PICK1,0,0,0,1,0,1
PIDD1,1,0,0,0,0,1
PIF1,0,0,0,1,0,1
PHLDA1,0,1,0,0,0,1
OPRD1,0,0,0,1,0,1
OPTN,0,0,0,0,1,1
OR10Z1,0,1,0,0,0,1
OR2AG1,0,1,0,0,0,1
OR8B8,0,1,0,0,0,1
OR8D1,0,1,0,0,0,1
ORAI2,0,0,0,1,0,1
ORC1,0,1,0,0,0,1
PCDHGA3,0,1,0,0,0,1
OSCAR,0,1,0,0,0,1
OSGEP,1,0,0,0,0,1
OSGIN1,0,0,0,1,0,1
OSR2,0,1,0,0,0,1
OTUD1,0,0,0,1,0,1
OVGP1,0,0,0,1,0,1
OVOL1,0,0,0,1,0,1
OXCT1,0,0,0,1,0,1
ORMDL1,0,0,0,1,0,1
NTHL1,0,0,0,1,0,1
NTRK1,0,0,0,0,1,1
NUDC,1,0,0,0,0,1
NUDT1,1,0,0,0,0,1
NUDT5,1,0,0,0,0,1
NUDT8,0,0,0,1,0,1
NUF2,0,0,0,1,0,1
NUP50,0,0,0,1,0,1
OMG,0,1,0,0,0,1
NUPR1,0,1,0,0,0,1
NXF1,0,0,0,1,0,1
OAZ1,1,0,0,0,0,1
ODC1,0,1,0,0,0,1
OFD1,0,0,0,1,0,1
OGT,0,0,0,1,0,1
OIP5,0,0,0,1,0,1
OLAH,0,1,0,0,0,1
OLR1,0,0,0,1,0,1
NUP85,0,1,0,0,0,1
PAQR8,0,1,0,0,0,1
PARK7,1,0,0,0,0,1
PARP1,0,0,0,0,1,1
PARP2,0,1,0,0,0,1
PARP6,0,0,0,1,0,1
PATL2,0,0,0,1,0,1
PBK,0,0,0,0,1,1
PBX2,0,0,0,0,1,1
OXSR1,0,0,0,0,1,1
PCBP4,0,0,0,1,0,1
PCDH1,0,1,0,0,0,1
PCDH10,0,1,0,0,0,1
PCDH12,0,1,0,0,0,1
PCDH9,1,0,0,0,0,1
PCDHGA1,0,1,0,0,0,1
PCDHGA10,0,1,0,0,0,1
PCDHGA11,0,1,0,0,0,1
PCBP2,1,0,0,0,0,1
P2RX4,0,0,0,1,0,1
P2RX7,0,0,0,1,0,1
P2RY14,0,0,0,1,0,1
P2RY8,0,1,0,0,0,1
P4HA1,0,1,0,0,0,1
P4HA2,0,1,0,0,0,1
PABIR1,0,1,0,0,0,1
PABPC1L,0,0,0,1,0,1
PAQR3,0,1,0,0,0,1
PAFAH2,0,0,0,1,0,1
PAG1,0,1,0,0,0,1
PAK4,0,0,0,0,1,1
PAK6,0,1,0,0,0,1
PALD1,0,0,0,1,0,1
PALM2AKAP2,0,1,0,0,0,1
PAN2,0,0,0,1,0,1
PAN3,0,0,0,1,0,1
PANK1,0,0,0,1,0,1
PADI4,1,0,0,0,0,1
TRIAP1,1,0,0,0,0,1
TRIB1,0,1,0,0,0,1
TRIM10,0,1,0,0,0,1
TRIM15,0,1,0,0,0,1
TRIM22,0,0,0,1,0,1
TRIM24,0,0,0,0,1,1
TRIM25,0,0,0,0,1,1
TRIM28,0,0,0,0,1,1
S100A11,1,0,0,0,0,1
TRIM4,0,0,0,1,0,1
TRIM73,0,0,0,1,0,1
TRIM74,0,0,0,1,0,1
TRIM8,0,0,0,1,0,1
TRMT44,0,0,0,1,0,1
TRNT1,0,0,0,1,0,1
TSC1,0,0,0,1,0,1
TSC2,0,0,0,1,0,1
TRIM38,0,0,0,1,0,1
TOMM7,1,0,0,0,0,1
TOPBP1,0,0,0,0,1,1
TOPORS,0,0,0,0,1,1
TOX4,0,0,0,1,0,1
TP53BP2,0,0,0,0,1,1
TPI1,1,0,0,0,0,1
TPM3,1,0,0,0,0,1
TPM4,1,0,0,0,0,1
TRH,0,0,0,1,0,1
TPT1,0,0,0,1,0,1
TRAF1,0,0,0,1,0,1
TRAF2,0,0,0,0,1,1
TRAK2,0,1,0,0,0,1
TRAPPC1,1,0,0,0,0,1
TRBC2,1,0,0,0,0,1
TREML2,0,1,0,0,0,1
TRG-AS1,1,0,0,0,0,1
TRGC1,1,0,0,0,0,1
TPRA1,0,0,0,1,0,1
TUFM,1,0,0,0,0,1
TUFT1,0,1,0,0,0,1
TWF2,1,0,0,0,0,1
TWSG1,0,1,0,0,0,1
TYK2,0,0,0,0,1,1
TYROBP,1,0,0,0,0,1
UAP1,0,1,0,0,0,1
UBASH3A,0,1,0,0,0,1
TSC22D1,1,0,0,0,0,1
UBE2H,0,0,0,1,0,1
UBE2L3,0,0,0,0,1,1
UBE2S,0,1,0,0,0,1
UBLCP1,0,1,0,0,0,1
UBR2,0,0,0,1,0,1
UBTF,0,1,0,0,0,1
UBXN10,0,1,0,0,0,1
UCP3,0,0,0,1,0,1
UBE2C,0,0,0,1,0,1
TSEN34,0,0,0,1,0,1
TSKU,0,1,0,0,0,1
TSPAN13,0,1,0,0,0,1
TSPAN3,1,0,0,0,0,1
TSPAN32,0,1,0,0,0,1
TSPAN7,0,0,0,1,0,1
TTBK2,0,0,0,1,0,1
TTC14,0,0,0,1,0,1
TUBGCP6,0,0,0,1,0,1
TTC21A,0,0,0,1,0,1
TTC30A,0,1,0,0,0,1
TTC30B,0,1,0,0,0,1
TTLL3,0,0,0,1,0,1
TTN,0,0,0,1,0,1
TUBB2B,0,1,0,0,0,1
TUBB3,0,1,0,0,0,1
TUBB4B,1,0,0,0,0,1
TUBB6,1,0,0,0,0,1
TTC17,0,0,0,1,0,1
THBS1,0,0,0,1,0,1
THSD8,0,1,0,0,0,1
TICRR,0,0,0,1,0,1
TIGD2,0,1,0,0,0,1
TIMM17B,1,0,0,0,0,1
TIMM9,0,0,0,1,0,1
TINAGL1,0,1,0,0,0,1
TIPARP,0,0,0,1,0,1
TOM1L2,0,0,0,1,0,1
TLCD2,0,0,0,1,0,1
TM2D2,0,0,0,1,0,1
TM7SF2,0,0,0,1,0,1
TMBIM1,0,0,0,1,0,1
TMCC2,0,1,0,0,0,1
TMED9,1,0,0,0,0,1
TMEM11,1,0,0,0,0,1
TMEM116,0,1,0,0,0,1
TKT,1,0,0,0,0,1
TDP2,0,0,0,0,1,1
TDRD6,0,0,0,1,0,1
TDRD9,0,0,0,1,0,1
TEC,0,1,0,0,0,1
TECTA,0,0,0,1,0,1
TENT5A,1,0,0,0,0,1
TENT5B,0,1,0,0,0,1
TERF1,0,0,0,0,1,1
THAP6,0,0,0,1,0,1
TESK1,0,0,0,1,0,1
TEX2,0,0,0,1,0,1
TF,0,0,0,1,0,1
TFAM,0,0,0,0,1,1
TFCP2,0,0,0,0,1,1
TFEB,0,0,0,0,1,1
TGFB1,0,0,0,0,1,1
TGFBR1,0,0,0,0,1,1
TGIF1,0,0,0,1,0,1
TERT,0,0,0,1,0,1
TMEM98,1,0,0,0,0,1
TMOD4,0,0,0,1,0,1
TMPRSS11F,0,1,0,0,0,1
TMPRSS4,0,1,0,0,0,1
TMPRSS9,0,0,0,1,0,1
TMSB4X,1,0,0,0,0,1
TMTC2,0,1,0,0,0,1
TMX4,0,1,0,0,0,1
TMEM127,0,1,0,0,0,1
TNFAIP8L2,0,1,0,0,0,1
TNFRSF18,1,0,0,0,0,1
TNFRSF19,0,0,0,1,0,1
TNFSF5,0,0,0,1,0,1
TNK2,0,0,0,1,0,1
TNKS1BP1,0,0,0,0,1,1
TNS1,0,1,0,0,0,1
TOB2,0,0,0,1,0,1
TOM1,0,0,0,1,0,1
TNFAIP8,0,1,0,0,0,1
TMEM136,0,0,0,1,0,1
TMEM140,0,1,0,0,0,1
TMEM158,0,1,0,0,0,1
TMEM169,0,1,0,0,0,1
TMEM178A,0,0,0,1,0,1
TMEM187,0,0,0,1,0,1
TMEM199,0,1,0,0,0,1
TMEM219,0,0,0,1,0,1
TMEM91,0,0,0,1,0,1
TMEM256-PLSCR3,0,1,0,0,0,1
TMEM259,0,0,0,1,0,1
TMEM263,0,1,0,0,0,1
TMEM273,0,1,0,0,0,1
TMEM41B,0,0,0,1,0,1
TMEM42,0,0,0,1,0,1
TMEM63B,0,1,0,0,0,1
TMEM86B,0,0,0,1,0,1
TMEM9,0,1,0,0,0,1
TMEM232,0,1,0,0,0,1
ZNF597,0,1,0,0,0,1
ZNF606,0,1,0,0,0,1
ZNF618,0,1,0,0,0,1
pp13439,0,0,0,1,0,1
ZNF641,0,1,0,0,0,1
ZNF655,0,1,0,0,0,1
ZNF674,0,0,0,1,0,1
ZNF682,0,1,0,0,0,1
UGT2B28,0,1,0,0,0,1
ZNF746,0,0,0,1,0,1
ZNF75A,0,1,0,0,0,1
ZNF75D,0,0,0,1,0,1
ZNF77,0,1,0,0,0,1
ZNF80,0,1,0,0,0,1
ZNF843,0,0,0,1,0,1
ZNF846,0,0,0,1,0,1
ZNF862,0,0,0,1,0,1
ZNF706,0,0,0,1,0,1
ZCWPW1,0,0,0,1,0,1
ZDHHC12,0,0,0,1,0,1
ZDHHC24,1,0,0,0,0,1
ZDHHC3,0,0,0,1,0,1
ZDHHC5,0,0,0,0,1,1
ZER1,0,0,0,1,0,1
ZFAS1,1,0,0,0,0,1
ZFP36,1,0,0,0,0,1
ZNF594,0,1,0,0,0,1
ZFYVE27,0,0,0,1,0,1
ZKSCAN4,0,0,0,1,0,1
ZMAT1,0,0,0,1,0,1
ZMIZ2,0,0,0,1,0,1
ZMYND12,0,0,0,1,0,1
ZMYND8,0,0,0,0,1,1
ZNF558,0,0,0,1,0,1
ZNF580,0,0,0,1,0,1
ZNF581,0,0,0,1,0,1
ZFYVE1,0,0,0,1,0,1
ACSS2,0,0,0,1,0,1
ACTB,0,0,0,0,1,1
ACTN4,0,0,0,0,1,1
ACVR2A,0,1,0,0,0,1
ACVRL1,0,1,0,0,0,1
ACY1,0,1,0,0,0,1
ACYP2,0,0,0,1,0,1
ADAM11,0,0,0,1,0,1
ZNF90,0,1,0,0,0,1
ADAMTS7,0,1,0,0,0,1
ADAMTS9,0,1,0,0,0,1
ADAP1,0,0,0,1,0,1
ADCY4,0,0,0,1,0,1
ADGRB2,0,1,0,0,0,1
ADGRE1,0,1,0,0,0,1
ADH6,0,1,0,0,0,1
ADHFE1,0,0,0,1,0,1
ADAMTS13,0,0,0,1,0,1
ZNFX1,0,0,0,1,0,1
ZSCAN30,0,0,0,1,0,1
ZSWIM1,0,0,0,1,0,1
ZSWIM7,0,0,0,1,0,1
ZSWIM8,0,0,0,1,0,1
ZXDC,0,0,0,1,0,1
hDV102S1,0,0,0,1,0,1
mmp20,0,0,0,1,0,1
ACSM2B,0,1,0,0,0,1
ACAP3,0,0,0,1,0,1
ACBD7,0,1,0,0,0,1
ACD,0,0,0,0,1,1
ACLY,0,0,0,1,0,1
ACOT11,0,0,0,1,0,1
ACOT7,0,0,0,1,0,1
ABCA1,0,0,0,1,0,1
ACRBP,0,0,0,1,0,1
ACRC,0,0,0,1,0,1
ABCB1,0,1,0,0,0,1
VASH2,0,0,0,1,0,1
VASN,0,1,0,0,0,1
VDAC1,0,0,0,1,0,1
VENTX,0,1,0,0,0,1
VGF,0,1,0,0,0,1
VIM,0,0,0,0,1,1
VKORC1,0,1,0,0,0,1
VMAC,0,0,0,1,0,1
ZCCHC8,0,0,0,1,0,1
VPS37B,1,0,0,0,0,1
VPS39,0,0,0,1,0,1
VPS9D1,0,0,0,1,0,1
VSIR,1,0,0,0,0,1
VWA5A,0,0,0,1,0,1
WAS,0,0,0,0,1,1
WASH4P,0,0,0,1,0,1
WASHC1,1,0,0,0,0,1
VN1R1,0,0,0,1,0,1
ULK1,0,0,0,1,0,1
UNC79,0,0,0,1,0,1
UNKL,0,0,0,1,0,1
UQCRB,1,0,0,0,0,1
UQCRC1,1,0,0,0,0,1
UQCRFS1,1,0,0,0,0,1
UROD,0,1,0,0,0,1
USF2,0,0,0,0,1,1
VASH1,0,0,0,1,0,1
USP20,0,0,0,0,1,1
USP28,0,0,0,0,1,1
USP35,0,0,0,1,0,1
USP38,0,1,0,0,0,1
USP44,0,1,0,0,0,1
USPL1,0,0,0,1,0,1
UTP3,0,1,0,0,0,1
VAMP2,0,0,0,0,1,1
VAMP8,1,0,0,0,0,1
USP1,1,0,0,0,0,1
XIAP,0,0,0,0,1,1
XIST,1,0,0,0,0,1
YBX3,0,1,0,0,0,1
YES1,0,0,0,0,1,1
YIF1A,0,1,0,0,0,1
YPEL3,0,0,0,1,0,1
YPEL4,0,1,0,0,0,1
YPEL5,1,0,0,0,0,1
WBP1,0,0,0,1,0,1
ZBTB14,0,0,0,1,0,1
ZBTB20,1,0,0,0,0,1
ZBTB22,0,0,0,1,0,1
ZBTB32,0,0,0,1,0,1
ZBTB43,0,0,0,1,0,1
ZBTB48,0,0,0,1,0,1
ZBTB7B,0,0,0,1,0,1
ZBTB8A,0,1,0,0,0,1
ZC3H12C,0,1,0,0,0,1
ZBTB12,0,0,0,1,0,1
WBP2,0,0,0,0,1,1
WDFY2,0,0,0,1,0,1
WDFY3,0,1,0,0,0,1
WDR18,1,0,0,0,0,1
WDR19,0,0,0,1,0,1
WDR22,0,0,0,1,0,1
WDR34,1,0,0,0,0,1
WDR45B,0,0,0,0,1,1
XBP1,1,0,0,0,0,1
WDR88,0,0,0,1,0,1
WDR91,0,0,0,1,0,1
WDTC1,0,0,0,1,0,1
WEE1,0,0,0,1,0,1
WNT10B,0,1,0,0,0,1
WNT2B,0,1,0,0,0,1
WRN,0,0,0,0,1,1
WT1,0,0,0,0,1,1
WUGSC:H_RG122E10.2a,0,0,0,1,0,1
WDR62,0,0,0,0,1,1
SH3PXD2B,0,1,0,0,0,1
SH3RF3,0,0,0,1,0,1
SH3TC1,0,0,0,1,0,1
SHC1,0,0,0,0,1,1
SHC2,0,1,0,0,0,1
SHC4,0,0,0,1,0,1
SHMT1,0,0,0,0,1,1
SHMT2,1,0,0,0,0,1
TCP11L2,0,0,0,1,0,1
SIAE,0,0,0,1,0,1
SIDT2,0,0,0,1,0,1
SIGLEC14,0,1,0,0,0,1
SIGLEC8,0,1,0,0,0,1
SIPA1L1,0,1,0,0,0,1
SIPA1L2,0,1,0,0,0,1
SIRT1,0,0,0,0,1,1
SIRT3,0,0,0,0,1,1
SHOC2,0,0,0,0,1,1
SERPINB1,1,0,0,0,0,1
SERPINB8,0,1,0,0,0,1
SERPINC1,0,1,0,0,0,1
SERPINE1,0,1,0,0,0,1
SERPINE2,0,1,0,0,0,1
SERPING1,1,0,0,0,0,1
SERTAD3,0,0,0,1,0,1
SESTD1,0,1,0,0,0,1
SH3KBP1,0,1,0,0,0,1
SGIP1,0,0,0,1,0,1
SGK2,0,0,0,1,0,1
SGSM2,0,0,0,1,0,1
SH2B1,0,0,0,0,1,1
SH2D1B,0,1,0,0,0,1
SH2D2A,0,1,0,0,0,1
SH3BGRL2,0,1,0,0,0,1
SH3D21,0,1,0,0,0,1
SH3GL3,0,1,0,0,0,1
SFXN5,0,0,0,1,0,1
SLC25A6,1,0,0,0,0,1
SLC26A1,0,1,0,0,0,1
SLC26A2,0,1,0,0,0,1
SLC26A6,0,1,0,0,0,1
SLC2A12,0,1,0,0,0,1
SLC2A13,0,1,0,0,0,1
SLC2A3,1,0,0,0,0,1
SLC2A9,0,1,0,0,0,1
SIRT7,0,0,0,0,1,1
SLC30A8,0,1,0,0,0,1
SLC35F6,0,1,0,0,0,1
SLC37A1,0,0,0,1,0,1
SLC37A4,0,1,0,0,0,1
SLC38A1,0,1,0,0,0,1
SLC38A4,0,1,0,0,0,1
SLC38A5,0,1,0,0,0,1
SLC38A7,0,1,0,0,0,1
SLC30A4,0,0,0,1,0,1
SIVA1,1,0,0,0,0,1
SKI,0,0,0,0,1,1
SKOR1,0,0,0,1,0,1
SLA,0,0,0,1,0,1
SLAMF7,0,0,1,0,0,1
SLC10A3,0,0,0,1,0,1
SLC12A7,0,1,0,0,0,1
SLC12A8,0,1,0,0,0,1
SLC25A5,1,0,0,0,0,1
SLC17A7,0,1,0,0,0,1
SLC19A1,0,1,0,0,0,1
SLC1A3,0,0,0,0,1,1
SLC1A5,1,0,0,0,0,1
SLC22A18,0,0,0,1,0,1
SLC22A5,0,1,0,0,0,1
SLC24A3,0,0,0,1,0,1
SLC25A28,0,0,0,1,0,1
SLC25A29,0,1,0,0,0,1
SLC16A5,0,0,0,1,0,1
RPS26,1,0,0,0,0,1
RPS27,1,0,0,0,0,1
RPS27L,1,0,0,0,0,1
RPS4Y1,1,0,0,0,0,1
RPS6KA1,1,0,0,0,0,1
RPS6KA2,0,0,0,1,0,1
RPS6KA4,0,0,0,0,1,1
RPUSD3,1,0,0,0,0,1
SERP1,1,0,0,0,0,1
RRAS,0,0,0,1,0,1
RRH,0,0,0,1,0,1
RRM1,0,0,0,1,0,1
RRM2,0,1,0,0,0,1
RRN3,0,0,0,0,1,1
RSAD2,0,0,0,1,0,1
RSPH1,0,0,0,1,0,1
RTN4R,0,1,0,0,0,1
RRAGB,0,0,0,1,0,1
RPL22L1,1,0,0,0,0,1
RPL23,1,0,0,0,0,1
RPL30,1,0,0,0,0,1
RPL34,1,0,0,0,0,1
RPL35,0,1,0,0,0,1
RPL35A,1,0,0,0,0,1
RPL36,1,0,0,0,0,1
RPL36AL,1,0,0,0,0,1
RPS2,1,0,0,0,0,1
RPL41,1,0,0,0,0,1
RPL7,0,0,0,1,0,1
RPLP0,1,0,0,0,0,1
RPLP2,0,0,0,1,0,1
RPN1,1,0,0,0,0,1
RPP25,0,1,0,0,0,1
RPS11,0,0,0,1,0,1
RPS15,0,0,0,1,0,1
RPS19BP1,1,0,0,0,0,1
RPL37A,1,0,0,0,0,1
SCN11A,0,0,0,1,0,1
SCN1B,0,1,0,0,0,1
SCN3A,0,1,0,0,0,1
SCYL2,0,1,0,0,0,1
SDF2,0,0,0,1,0,1
SDF2L1,1,0,0,0,0,1
SDF4,0,0,1,0,0,1
SDHD,1,0,0,0,0,1
RUBCNL,0,1,0,0,0,1
SDR42E1,0,1,0,0,0,1
SEC11A,1,0,0,0,0,1
SEC13,0,1,0,0,0,1
SELENOH,1,0,0,0,0,1
SELENOP,1,0,0,0,0,1
SELL,1,0,0,0,0,1
SEMA3F,0,1,0,0,0,1
SEMA4G,0,1,0,0,0,1
SERF2,1,0,0,0,0,1
SDR39U1,0,0,0,1,0,1
RUNDC3A,0,0,0,1,0,1
RUNX1,0,0,0,0,1,1
RUVBL2,1,0,0,0,0,1
RXFP1,1,0,0,0,0,1
RXRA,0,0,0,0,1,1
S100A10,1,0,0,0,0,1
MRPL28,1,0,0,0,0,1
S100A4,0,0,1,0,0,1
SCG3,0,1,0,0,0,1
SAC3D1,0,0,0,1,0,1
SAMD8,0,0,0,1,0,1
SAP30L,0,0,0,1,0,1
SARAF,1,0,0,0,0,1
SAT1,0,0,0,1,0,1
SATB1,0,0,0,1,0,1
SATB2,0,0,0,0,1,1
SBDS,1,0,0,0,0,1
SCARF2,0,0,0,1,0,1
S100Z,1,0,0,0,0,1
STK32A,0,1,0,0,0,1
STK32B,0,1,0,0,0,1
STK36,0,0,0,1,0,1
STK38L,0,0,0,0,1,1
STKLD1,0,0,0,1,0,1
STRAP,0,0,0,1,0,1
STX16-NPEPL1,0,0,0,1,0,1
STX4,0,0,0,1,0,1
SLC39A8,1,0,0,0,0,1
SUCNR1,1,0,0,0,0,1
SUFU,0,0,0,0,1,1
SUGCT,0,1,0,0,0,1
SULT1C4,0,0,0,1,0,1
SUMO2,0,1,0,0,0,1
SUMO4,0,1,0,0,0,1
SUPT7L,0,0,0,1,0,1
SV2C,0,0,0,1,0,1
SUCLG1,1,0,0,0,0,1
SSBP2,0,0,0,1,0,1
ST3GAL1,0,0,0,1,0,1
STAG3L3,0,0,0,1,0,1
STAG3L5P-PVRIG2P-PILRB,0,0,0,1,0,1
STAP1,0,0,0,1,0,1
STARD8,0,1,0,0,0,1
STAT1,0,0,0,0,1,1
STAT2,0,0,0,1,0,1
STK17B,1,0,0,0,0,1
STAT5A,0,0,0,0,1,1
STAT5B,0,0,0,0,1,1
STAT6,0,1,0,0,0,1
STBD1,0,1,0,0,0,1
STEAP1B,0,1,0,0,0,1
STIM1,0,0,0,0,1,1
STIMATE,0,1,0,0,0,1
STIMATE-MUSTN1,0,1,0,0,0,1
STK17A,0,0,1,0,0,1
STAT3,0,0,0,1,0,1
TBC1D14,0,1,0,0,0,1
TBC1D16,0,1,0,0,0,1
TBC1D20,0,0,0,1,0,1
TBC1D32,0,0,0,1,0,1
TBC1D3D,0,0,0,1,0,1
TBC1D3E,0,0,0,1,0,1
TBC1D3L,0,0,0,1,0,1
TBCC,0,0,0,1,0,1
SYF2,1,0,0,0,0,1
TBX19,0,0,0,1,0,1
TBX3,0,1,0,0,0,1
TBXA2R,0,0,0,0,1,1
TCAP,0,0,0,1,0,1
TCEA2,0,0,0,1,0,1
TCF12,0,0,0,0,1,1
TCF15,0,0,0,1,0,1
TCF3,0,0,0,0,1,1
TCF4,1,0,0,0,0,1
TBL1XR1,0,0,0,0,1,1
SYK,0,1,0,0,0,1
SYNE1,0,0,0,1,0,1
SYNE2,0,1,0,0,0,1
SYNE3,0,0,0,0,1,1
SYNE4,0,0,0,1,0,1
SYNGR1,1,0,0,0,0,1
SYP,0,1,0,0,0,1
SYT11,0,1,0,0,0,1
TBC1D13,0,0,0,1,0,1
TAB2,0,0,0,0,1,1
TAFA2,0,1,0,0,0,1
TAGLN,0,0,0,1,0,1
TAGLN2,1,0,0,0,0,1
TALDO1,1,0,0,0,0,1
TAP1,0,1,0,0,0,1
TAS2R13,0,1,0,0,0,1
TAS2R4,0,0,0,1,0,1
TAS2R5,0,0,0,1,0,1
SYTL1,1,0,0,0,0,1
SMUG1,0,0,0,1,0,1
SMYD3,1,0,0,0,0,1
SNAI1,0,0,0,0,1,1
SNAI3,1,0,0,0,0,1
SND1,0,0,0,0,1,1
SNED1,0,0,0,1,0,1
SNPH,0,1,0,0,0,1
SNRNP70,0,0,0,1,0,1
SRSF5,1,0,0,0,0,1
SNRPB,1,0,0,0,0,1
SNRPC,1,0,0,0,0,1
SNRPE,0,0,0,1,0,1
SNTA1,0,1,0,0,0,1
SNX9,0,0,0,0,1,1
SOCS3,0,0,0,1,0,1
SOD1,0,0,0,0,1,1
SON,1,0,0,0,0,1
SNRPA1,0,0,0,1,0,1
SLC40A1,0,1,0,0,0,1
SLC41A1,0,1,0,0,0,1
SLC44A5,0,1,0,0,0,1
SLC4A5,0,0,0,1,0,1
SLC4A7,0,1,0,0,0,1
SLC6A13,0,1,0,0,0,1
SLC6A16,0,0,0,1,0,1
SLC6A6,0,1,0,0,0,1
SMPD3,0,0,0,1,0,1
SLC7A11,0,0,0,0,1,1
SLFN5,0,1,0,0,0,1
SMAD3,0,0,0,0,1,1
SMARCAL1,0,0,0,0,1,1
SMARCD3,0,0,0,1,0,1
SMC1A,1,0,0,0,0,1
SMIM17,0,0,0,1,0,1
SMIM26,1,0,0,0,0,1
SMOX,0,0,0,1,0,1
SLC6A8,0,1,0,0,0,1
SPINK2,1,0,0,0,0,1
SPINK5,0,1,0,0,0,1
SPNS3,1,0,0,0,0,1
SPOCK1,0,0,0,1,0,1
SPOCK2,0,1,0,0,0,1
SPPL2B,0,0,0,1,0,1
SPRED2,0,1,0,0,0,1
SPRR2D,0,1,0,0,0,1
SORD,0,1,0,0,0,1
SPTA1,0,1,0,0,0,1
SPTLC2,0,0,1,0,0,1
SPX,0,1,0,0,0,1
SQLE,0,1,0,0,0,1
SRA1,1,0,0,0,0,1
SRC,0,0,0,0,1,1
SRD5A3,0,0,0,1,0,1
SRP72,0,0,1,0,0,1
SRSF11,1,0,0,0,0,1
SPSB1,0,0,0,1,0,1
SOS1,0,0,0,0,1,1
SOSTDC1,0,1,0,0,0,1
SOWAHC,0,0,0,1,0,1
SOX4,1,0,0,0,0,1
SOX6,0,0,0,0,1,1
SPAG16,0,1,0,0,0,1
SPAG4,0,1,0,0,0,1
SPAG6,0,1,0,0,0,1
SPI1,1,0,0,0,0,1
SPATA21,0,0,0,1,0,1
SPATA2L,0,0,0,1,0,1
SPATS2L,0,0,0,1,0,1
SPC24,0,0,0,1,0,1
SPC25,0,0,0,1,0,1
SPCS3,0,1,0,0,0,1
SPEF2,0,0,0,1,0,1
SPHK1,0,1,0,0,0,1
SPHK2,0,0,0,0,1,1
SPARCL1,0,1,0,0,0,1
CHKB,0,0,0,1,0,1
CHMP3,0,0,0,1,0,1
CHRNA5,0,0,0,1,0,1
CHST3,0,1,0,0,0,1
CIB1,1,0,0,0,0,1
CIB3,0,0,0,1,0,1
CIITA,0,0,0,1,0,1
CIRBP,1,0,0,0,0,1
ME1,0,1,0,0,0,1
CLCN3,0,1,0,0,0,1
CLCNKB,0,1,0,0,0,1
CLDN11,0,1,0,0,0,1
CLDN15,0,0,0,1,0,1
CLDN20,0,0,0,1,0,1
CLEC12A,1,0,0,0,0,1
CLEC18A,0,0,0,1,0,1
CLEC2B,0,1,0,0,0,1
CKMT1B,0,1,0,0,0,1
CEBPA,0,1,0,0,0,1
CELA2A,0,0,0,1,0,1
CELA2B,0,0,0,1,0,1
CEMIP,0,0,0,1,0,1
CENPF,0,0,0,1,0,1
CENPH,0,0,0,1,0,1
CENPI,0,0,0,1,0,1
CENPM,1,0,0,0,0,1
CHFR,0,0,0,1,0,1
CEP70,0,1,0,0,0,1
CEP78,0,0,0,1,0,1
CES4A,0,0,0,1,0,1
CFAP97,0,1,0,0,0,1
CFL1,1,0,0,0,0,1
CFLAR,0,1,0,0,0,1
CHAMP1,0,0,0,1,0,1
CHCHD10,0,1,0,0,0,1
CHEK1,0,0,0,1,0,1
CENPT,0,0,0,1,0,1
CNPY3,1,0,0,0,0,1
CNR2,0,0,0,1,0,1
CNTRL,1,0,0,0,0,1
COL1A1,0,1,0,0,0,1
COL1A2,0,1,0,0,0,1
COL24A1,0,0,0,1,0,1
COL25A1,0,1,0,0,0,1
COL4A5,0,1,0,0,0,1
CLEC2D,0,1,0,0,0,1
COL6A2,0,1,0,0,0,1
COL6A3,0,1,0,0,0,1
COL9A2,0,0,0,1,0,1
COMMD6,1,0,0,0,0,1
COPS8,0,0,0,1,0,1
COPS9,0,0,1,0,0,1
COPZ1,0,0,1,0,0,1
COQ10B,1,0,0,0,0,1
COL6A1,0,1,0,0,0,1
CLGN,0,1,0,0,0,1
CLIP1,0,1,0,0,0,1
CLIP3,0,0,0,1,0,1
CLK1,0,0,0,1,0,1
CLK3,0,0,0,1,0,1
CLOCK,0,1,0,0,0,1
CLPTM1,0,0,0,1,0,1
CLTA,1,0,0,0,0,1
CNN2,1,0,0,0,0,1
CMAHP,0,0,0,1,0,1
CMAS,0,1,0,0,0,1
CMPK2,0,1,0,0,0,1
CMTR2,0,1,0,0,0,1
CNFN,0,0,0,1,0,1
CNIH1,0,0,0,1,0,1
CNIH3,0,1,0,0,0,1
CNKSR3,0,1,0,0,0,1
CNN1,0,1,0,0,0,1
CLU,1,0,0,0,0,1
CCDC124,1,0,0,0,0,1
CCDC154,0,0,0,1,0,1
CCDC159,0,0,0,1,0,1
CCDC167,0,0,0,1,0,1
CCDC174,0,0,0,1,0,1
CCDC180,0,0,0,1,0,1
CCDC22,0,1,0,0,0,1
CCDC50,0,0,0,0,1,1
CDNF,0,0,0,1,0,1
CCDC85B,1,0,0,0,0,1
CCDC88A,0,0,0,0,1,1
CCL23,0,0,0,1,0,1
CCL3L1,1,0,0,0,0,1
CCNA2,0,0,0,1,0,1
CCNB1,0,0,0,1,0,1
CCNB1IP1,0,0,1,0,0,1
CCNB2,0,0,0,1,0,1
CCDC84,0,0,0,1,0,1
CASC10,0,0,0,1,0,1
CASC5,0,0,0,1,0,1
CASP3,0,0,0,0,1,1
CASP4,0,0,0,1,0,1
CASP6,0,0,0,0,1,1
CASP7,0,0,0,0,1,1
CASP8,0,1,0,0,0,1
CAST,0,0,0,0,1,1
CCDC116,0,1,0,0,0,1
CATSPERD,0,1,0,0,0,1
CATSPERG,0,0,0,1,0,1
CAV2,0,1,0,0,0,1
CAVIN2,1,0,0,0,0,1
CBFA2T2,0,0,0,1,0,1
CBLB,0,0,0,1,0,1
CBX3,0,0,1,0,0,1
CC2D1A,0,0,0,0,1,1
CCDC102B,0,0,0,1,0,1
CASZ1,0,0,0,1,0,1
CD80,0,1,0,0,0,1
CDC2,0,0,0,1,0,1
CDC20,0,1,0,0,0,1
CDC37,1,0,0,0,0,1
CDC42BPG,0,0,0,1,0,1
CDC45,0,0,0,1,0,1
CDCA2,0,0,0,1,0,1
CDCA4,0,0,0,1,0,1
CCNB2V,0,0,0,1,0,1
CDCA8,0,0,0,1,0,1
CDCP1,0,1,0,0,0,1
CDK10,0,0,1,0,0,1
CDK3,0,0,0,0,1,1
CDK4,1,0,0,0,0,1
CDK5,0,0,0,0,1,1
CDK9,0,0,0,1,0,1
CDKN1A,0,0,0,1,0,1
CDKN1C,0,0,0,1,0,1
CDCA7,1,0,0,0,0,1
CCNC,0,1,0,0,0,1
CCND1,0,1,0,0,0,1
CCNF,0,0,0,1,0,1
CD160,0,0,1,0,0,1
CD164,1,0,0,0,0,1
CD200R1L,0,1,0,0,0,1
CD226,0,1,0,0,0,1
CD300LB,0,0,0,1,0,1
CD79B,1,0,0,0,0,1
CD36,1,0,0,0,0,1
CD40LG,0,0,0,1,0,1
CD44,0,1,0,0,0,1
CD47,0,1,0,0,0,1
CD48,1,0,0,0,0,1
CD52,0,0,1,0,0,1
CD55,0,0,0,1,0,1
CD63,1,0,0,0,0,1
CD7,1,0,0,0,0,1
CD33,1,0,0,0,0,1
DIP2B,0,0,0,1,0,1
DKFZP564A2416,0,0,0,1,0,1
DKFZp313F2116,0,0,0,1,0,1
DKFZp686N1252,0,0,0,1,0,1
DKFZp779A0729,0,0,0,1,0,1
DKFZp781C0425,0,0,0,1,0,1
DKK3,0,0,0,1,0,1
DLEU1,0,0,0,1,0,1
COQ3,0,0,0,1,0,1
DLGAP5,0,0,0,1,0,1
DLK1,0,0,0,0,1,1
DMAP1,0,0,0,1,0,1
DNA2,0,0,0,1,0,1
DNAH1,0,0,0,1,0,1
DNAH10,0,1,0,0,0,1
DNAH10OS,0,0,0,1,0,1
DNAH12,0,1,0,0,0,1
DLGAP2,0,0,0,1,0,1
DCTPP1,1,0,0,0,0,1
DCUN1D3,0,1,0,0,0,1
DDB2,1,0,0,0,0,1
DDIT4,0,0,0,1,0,1
DDOST,1,0,0,0,0,1
DDT,1,0,0,0,0,1
DDX3Y,1,0,0,0,0,1
DDX5,1,0,0,0,0,1
DIP2A,0,0,0,1,0,1
DDX60,0,1,0,0,0,1
DENND5A,0,0,0,1,0,1
DEPDC1,0,0,0,1,0,1
DEPDC1B,0,0,0,1,0,1
DEPP,0,0,0,1,0,1
DGKD,0,0,0,1,0,1
DGKE,0,0,0,1,0,1
DHRS11,0,1,0,0,0,1
DHX9,0,0,0,0,1,1
DDX53,0,1,0,0,0,1
DSTYK,0,0,0,1,0,1
DTYMK,1,0,0,0,0,1
DUOX1,0,0,0,1,0,1
DUSP9,0,1,0,0,0,1
DUT,1,0,0,0,0,1
DYNC1I1,0,1,0,0,0,1
DYNLL1,1,0,0,0,0,1
E2F1,0,0,0,1,0,1
DNAJB1,1,0,0,0,0,1
EBP,0,1,0,0,0,1
ECM2,0,1,0,0,0,1
EDEM1,0,1,0,0,0,1
EDRF1,0,0,0,1,0,1
EEF1D,0,0,0,1,0,1
EEF2K,0,0,0,0,1,1
EFCAB14,0,0,0,1,0,1
EFHC2,0,1,0,0,0,1
EFHD1,0,1,0,0,0,1
E4F1,0,0,0,0,1,1
DNAJB4,1,0,0,0,0,1
DNAJB6,1,0,0,0,0,1
DNAJC10,0,1,0,0,0,1
DNAJC4,0,0,0,1,0,1
DNAJC6,0,1,0,0,0,1
DNLZ,0,0,0,1,0,1
DNM1,0,0,0,0,1,1
DNMT1,1,0,0,0,0,1
DSCC1,0,0,0,1,0,1
DNMT3B,0,1,0,0,0,1
DOCK10,0,1,0,0,0,1
DOCK11,0,1,0,0,0,1
DOCK6,0,1,0,0,0,1
DOCK7,0,0,0,0,1,1
DOCK8,0,0,0,1,0,1
DOK2,0,1,0,0,0,1
DPEP2,0,0,0,1,0,1
DPH7,0,0,0,1,0,1
DNMT3A,0,0,0,0,1,1
CRIF1,0,0,1,0,0,1
CRK,0,0,0,0,1,1
CRKL,0,0,0,0,1,1
CROT,0,0,0,1,0,1
CRTC2,0,0,0,1,0,1
CRYBB1,0,0,0,1,0,1
CRYGD,1,0,0,0,0,1
CRYGS,0,0,0,1,0,1
DCPS,1,0,0,0,0,1
CSNK1E,0,0,0,0,1,1
CSNK2B,0,0,0,0,1,1
CST3,1,0,0,0,0,1
CTAG2,0,1,0,0,0,1
CTAGE9,0,1,0,0,0,1
CTF1,0,0,0,1,0,1
CTLA4,0,1,0,0,0,1
CTNNAL1,0,1,0,0,0,1
CSDE1,1,0,0,0,0,1
COQ8A,0,1,0,0,0,1
CORO1A,1,0,0,0,0,1
COTL1,0,1,0,0,0,1
COX6A1,1,0,0,0,0,1
COX6B1,1,0,0,0,0,1
COX6B2,0,1,0,0,0,1
COX7C,1,0,0,0,0,1
COX8A,1,0,0,0,0,1
CRELD1,0,1,0,0,0,1
CPM,0,0,0,1,0,1
CPNE5,0,1,0,0,0,1
CPOX,0,1,0,0,0,1
CPS1,0,1,0,0,0,1
CPT1A,0,1,0,0,0,1
CPVL,0,1,0,0,0,1
CPZ,0,1,0,0,0,1
CRAMP1L,0,0,0,1,0,1
CREB3L2,0,1,0,0,0,1
CPEB2,0,0,0,1,0,1
CYP2D7,0,0,0,1,0,1
CYP4V2,0,1,0,0,0,1
CYRIA,0,1,0,0,0,1
CYSRT1,0,0,0,1,0,1
CYTH1,0,0,0,1,0,1
CYTH4,0,1,0,0,0,1
CYTL1,0,0,0,1,0,1
DAAM1,0,1,0,0,0,1
CTNND1,0,0,0,0,1,1
DAB2IP,0,0,0,0,1,1
DACT3,0,1,0,0,0,1
DAP,0,0,0,0,1,1
DAXX,0,0,0,0,1,1
DAZAP2,1,0,0,0,0,1
DCAF5,0,0,0,1,0,1
DCAF8,0,0,0,1,0,1
DCDC2B,0,0,0,1,0,1
DCK,0,0,0,0,1,1
DAB2,0,0,0,0,1,1
CTSA,1,0,0,0,0,1
CTSB,0,0,0,1,0,1
CTSC,1,0,0,0,0,1
CTSK,0,0,0,1,0,1
CTSL,0,1,0,0,0,1
CTSO,0,0,0,1,0,1
CTSW,1,0,0,0,0,1
CUBN,0,1,0,0,0,1
CYP26A1,0,1,0,0,0,1
CXCL2,0,1,0,0,0,1
CXCL8,0,1,0,0,0,1
CXCR5,0,0,0,1,0,1
CXorf65,0,0,0,1,0,1
CYB5B,0,0,0,1,0,1
CYB5R1,0,0,0,1,0,1
CYBB,0,1,0,0,0,1
CYC1,1,0,0,0,0,1
CYP1B1,0,0,0,1,0,1
CUL9,0,0,0,1,0,1
ANKRD33,0,1,0,0,0,1
ANKRD33B,0,1,0,0,0,1
ANKRD42,0,0,0,1,0,1
ANO8,0,0,0,1,0,1
ANP32A,0,0,0,0,1,1
ANP32B,1,0,0,0,0,1
ANPEP,1,0,0,0,0,1
ANTXR1,0,1,0,0,0,1
CARD6,0,1,0,0,0,1
ANXA11,1,0,0,0,0,1
ANXA2,1,0,0,0,0,1
ANXA3,0,1,0,0,0,1
ANXA5,1,0,0,0,0,1
ANXA7,0,0,0,1,0,1
AP000547,1,0,0,0,0,1
AP1AR,0,1,0,0,0,1
AP1G2,0,0,0,1,0,1
ANXA1,0,0,0,0,1,1
AKT1,0,0,0,0,1,1
AL034397,1,0,0,0,0,1
AL157895,1,0,0,0,0,1
ALDH18A1,0,1,0,0,0,1
ALDH1B1,0,0,0,1,0,1
ALDOA,0,1,0,0,0,1
ALDOC,0,1,0,0,0,1
ALG3,0,1,0,0,0,1
ANKRD28,0,0,0,1,0,1
AMDHD2,0,1,0,0,0,1
AMHR2,0,1,0,0,0,1
AMIGO2,0,1,0,0,0,1
AMIGO3,0,1,0,0,0,1
ANAPC1,0,0,0,0,1,1
ANAPC11,1,0,0,0,0,1
ANAPC2,0,0,0,1,0,1
ANK3,0,1,0,0,0,1
ANKRD24,0,0,0,1,0,1
AMD1,1,0,0,0,0,1
ARFGAP1,0,1,0,0,0,1
ARHGAP19,0,0,0,1,0,1
ARHGAP26,0,0,0,0,1,1
ARHGAP35,0,0,0,0,1,1
ARHGAP9,0,1,0,0,0,1
ARHGEF11,0,0,0,1,0,1
ARHGEF2,0,0,0,0,1,1
ARHGEF40,0,0,0,1,0,1
AP2A2,0,0,0,1,0,1
ARID3A,0,0,0,0,1,1
ARID5B,0,0,0,1,0,1
ARL2,1,0,0,0,0,1
ARL6IP5,1,0,0,0,0,1
ARL8A,0,0,0,1,0,1
ARMC10,0,0,0,0,1,1
ARPC1B,0,0,0,0,1,1
ARPC2,1,0,0,0,0,1
ARPC3,1,0,0,0,0,1
ARHGEF6,0,1,0,0,0,1
AP2M1,0,0,0,0,1,1
AP2S1,1,0,0,0,0,1
AP4E1,0,1,0,0,0,1
APBA3,0,0,0,1,0,1
APBB2,0,1,0,0,0,1
APBB3,0,0,0,1,0,1
APH1B,0,1,0,0,0,1
APITD1,0,0,0,1,0,1
AREG,1,0,0,0,0,1
APLNR,0,1,0,0,0,1
APOE,0,1,0,0,0,1
APOLD1,0,0,0,1,0,1
APRG1,0,0,0,1,0,1
APRT,1,0,0,0,0,1
AQP1,0,1,0,0,0,1
AQP10,0,1,0,0,0,1
AQP3,0,1,0,0,0,1
ARAF,0,0,0,0,1,1
APITD1-CORT,0,0,0,1,0,1
ZNF547,0,0,0,1,0,1
ACP5,0,1,0,0,0,1
ZNF112,0,1,0,0,0,1
ZNF117,0,1,0,0,0,1
ZNF148,0,0,0,0,1,1
ZNF154,0,0,0,1,0,1
ZNF155,0,0,0,1,0,1
ZNF217,0,0,0,1,0,1
AKR7A2,0,1,0,0,0,1
ABCB6,0,1,0,0,0,1
ZNF26,0,1,0,0,0,1
ZNF264,0,1,0,0,0,1
ZNF274,0,0,0,1,0,1
ZNF300,0,1,0,0,0,1
ZNF331,0,1,0,0,0,1
ZNF333,0,0,0,1,0,1
ZNF337,0,0,0,1,0,1
ZNF221,0,0,0,1,0,1
ABCD1,0,0,0,1,0,1
ABCD2,0,1,0,0,0,1
ABL2,0,0,0,0,1,1
ABTB1,0,0,0,1,0,1
AC002454,1,0,0,0,0,1
AC007952.4,0,0,1,0,0,1
AC011139,1,0,0,0,0,1
AC020916,1,0,0,0,0,1
ZNF623,0,1,0,0,0,1
AC243960,1,0,0,0,0,1
AC245014.3,1,0,0,0,0,1
ACAD11,0,0,0,1,0,1
ACAD8,0,0,0,1,0,1
ACADM,0,0,0,0,1,1
ACADVL,0,0,0,1,0,1
ACAP2,1,0,0,0,0,1
ZNF225,0,0,0,1,0,1
ADI1,0,0,0,1,0,1
AC087239,1,0,0,0,0,1
ADRA2C,0,1,0,0,0,1
ADRB1,0,1,0,0,0,1
AEN,1,0,0,0,0,1
AFF1,0,1,0,0,0,1
AFMID,0,1,0,0,0,1
AGA,0,1,0,0,0,1
AGAP5,0,0,0,1,0,1
AGMO,0,1,0,0,0,1
ZNF382,0,0,0,1,0,1
AIF1,0,0,0,1,0,1
AIF1L,0,1,0,0,0,1
AJUBA,0,1,0,0,0,1
AK4,0,1,0,0,0,1
AK7,0,1,0,0,0,1
AKAP13,0,0,0,0,1,1
AKAP17A,0,0,0,1,0,1
AKAP9,0,0,0,0,1,1
AKR1C3,1,0,0,0,0,1
AHSA2,0,0,0,1,0,1
ZNF383,0,0,0,1,0,1
ZNF385A,1,0,0,0,0,1
ZNF385C,0,0,0,1,0,1
ZNF385D,0,1,0,0,0,1
ZNF394,0,0,0,1,0,1
ZNF396,0,0,0,1,0,1
ZNF404,0,0,0,1,0,1
ZNF419,0,0,0,1,0,1
ADRA2A,0,0,0,1,0,1
ZNF471,0,0,0,1,0,1
ZNF480,0,1,0,0,0,1
ZNF513,0,0,0,1,0,1
ZNF514,0,0,0,1,0,1
ZNF518A,0,1,0,0,0,1
ZNF528,0,1,0,0,0,1
AACS,0,0,0,1,0,1
ADM,1,0,0,0,0,1
ADPRM,0,0,0,1,0,1
ZNF425,0,0,0,1,0,1
C11orf54,0,0,0,1,0,1
C11orf96,0,1,0,0,0,1
C12orf57,1,0,0,0,0,1
C12orf76,0,0,0,1,0,1
C14orf1,0,0,0,1,0,1
C14orf142,0,0,0,1,0,1
C15orf27,0,0,0,1,0,1
C15orf52,0,0,0,1,0,1
ARPP19,0,0,0,1,0,1
C16orf72,0,0,0,1,0,1
C16orf96,0,0,0,1,0,1
C17orf51,0,0,0,1,0,1
C17orf67,0,0,0,1,0,1
C18orf32,0,0,0,1,0,1
C19orf18,0,0,0,1,0,1
C19orf48,1,0,0,0,0,1
C19orf71,0,0,0,1,0,1
C16orf54,1,0,0,0,0,1
BNIP3L,1,0,0,0,0,1
BOK,0,1,0,0,0,1
BRAF,0,0,0,0,1,1
BRCA1,0,0,0,1,0,1
BRCA2,1,0,0,0,0,1
BRCC3,0,1,0,0,0,1
BRI3,0,0,0,1,0,1
BRWD1,0,0,0,1,0,1
C11orf21,0,1,0,0,0,1
BSPRY,0,0,0,1,0,1
BTBD8,0,0,0,1,0,1
BTBD9,0,1,0,0,0,1
BTG3,0,1,0,0,0,1
BUB1B,0,0,0,1,0,1
BVES,0,1,0,0,0,1
C10orf10,0,0,0,1,0,1
C10orf105,0,0,0,1,0,1
C10orf128,0,0,0,1,0,1
BSG,1,0,0,0,0,1
CA9,0,1,0,0,0,1
CABLES1,0,0,0,1,0,1
CABP7,0,0,0,1,0,1
CACNA2D4,0,1,0,0,0,1
CACYBP,1,0,0,0,0,1
CALCA,0,1,0,0,0,1
CALCOCO1,0,0,0,1,0,1
CALR,0,1,0,0,0,1
C1QBP,1,0,0,0,0,1
CAMSAP2,0,1,0,0,0,1
CAMTA2,0,0,0,1,0,1
CAPG,1,0,0,0,0,1
CAPN1,0,0,1,0,0,1
CAPN10,0,0,0,1,0,1
CAPN12,0,0,0,1,0,1
CAPN3,0,0,0,1,0,1
CAPN5,0,1,0,0,0,1
CAPS,0,0,0,1,0,1
CAMKK2,0,0,0,0,1,1
C1QL3,0,0,0,1,0,1
C1QL4,0,1,0,0,0,1
C1QTNF4,0,0,0,1,0,1
C1RL,0,1,0,0,0,1
C1orf106,0,0,0,1,0,1
C1orf158,0,1,0,0,0,1
C1orf186,0,0,0,1,0,1
C1orf226,0,1,0,0,0,1
CA3,0,0,0,1,0,1
C21orf62-AS1,0,0,0,1,0,1
C22orf23,0,1,0,0,0,1
C22orf39,0,0,0,1,0,1
C2orf78,0,1,0,0,0,1
C3orf62,0,0,0,1,0,1
C4orf45,0,1,0,0,0,1
C5AR2,0,0,0,1,0,1
C8orf59,1,0,0,0,0,1
CA2,0,0,0,1,0,1
C20orf194,0,0,0,1,0,1
ATP6V0E1,1,0,0,0,0,1
ATP7B,0,0,0,0,1,1
ATP8B3,0,1,0,0,0,1
ATP8B4,1,0,0,0,0,1
ATP9A,0,0,0,1,0,1
ATPAF1,0,0,0,1,0,1
ATR,0,0,0,0,1,1
ATXN1,0,0,0,1,0,1
BNIP3,0,1,0,0,0,1
ATXN7L1,0,0,0,1,0,1
AUP1,1,0,0,0,0,1
AURKA,0,0,0,1,0,1
AURKAIP1,1,0,0,0,0,1
AURKB,0,0,0,1,0,1
AVP,1,0,0,0,0,1
AXL,0,1,0,0,0,1
B3GALT4,0,0,0,1,0,1
ATXN3L,0,1,0,0,0,1
ARRB1,0,0,0,0,1,1
ARRB2,0,0,0,0,1,1
ARRDC2,0,0,0,1,0,1
ARRDC5,0,0,0,1,0,1
ARSA,0,0,0,1,0,1
ARSK,0,0,0,1,0,1
ASAH1,0,0,0,1,0,1
ASAP2,0,1,0,0,0,1
ATP6V0B,1,0,0,0,0,1
ASPM,0,0,0,1,0,1
ASPN,0,1,0,0,0,1
ASPSCR1,0,0,0,1,0,1
ATF2,0,0,0,0,1,1
ATG16L2,0,0,0,1,0,1
ATG4A,0,0,0,1,0,1
ATP2A3,0,1,0,0,0,1
ATP2C1,0,0,0,1,0,1
ATP5F1B,1,0,0,0,0,1
ASIC3,0,0,0,1,0,1
BEX1,1,0,0,0,0,1
BEX2,1,0,0,0,0,1
BEX4,1,0,0,0,0,1
BHLHE22,0,0,0,1,0,1
BHLHE41,0,0,0,1,0,1
BID,0,0,0,0,1,1
BIRC2,0,0,0,0,1,1
BIRC3,0,0,0,1,0,1
B3GNTL1,1,0,0,0,0,1
BLM,0,0,0,0,1,1
BLOC1S2,1,0,0,0,0,1
BLVRA,0,0,0,0,1,1
BMF,0,0,0,1,0,1
BMI1,0,1,0,0,0,1
BMP2K,0,1,0,0,0,1
BMP8A,0,0,0,1,0,1
BMT2,0,1,0,0,0,1
BNIP1,0,1,0,0,0,1
BIRC5,0,0,0,1,0,1
BACE1,0,0,0,1,0,1
BAG3,0,0,0,0,1,1
BAIAP2,0,0,0,0,1,1
BAK1,0,0,0,0,1,1
BANF1,1,0,0,0,0,1
BAZ1B,0,0,0,0,1,1
BAZ2A,0,0,0,1,0,1
BCAN,0,0,0,1,0,1
BET1,0,0,0,1,0,1
BCAS3,0,0,0,1,0,1
BCAT1,0,0,0,1,0,1
BCL10,0,0,0,0,1,1
BCL11A,1,0,0,0,0,1
BCL2,0,0,0,0,1,1
BCL2L11,0,1,0,0,0,1
BCL3,0,0,0,1,0,1
BCL6,0,0,0,1,0,1
BCR,0,0,0,0,1,1
BCAR1,0,0,0,0,1,1
KDM1A,0,0,0,1,0,1
KDM3A,0,0,0,1,0,1
KDM6A,0,0,0,0,1,1
KDM6B,0,0,0,1,0,1
KDM8,0,0,0,1,0,1
KIAA0087,1,0,0,0,0,1
KIAA0101,0,0,0,1,0,1
KIAA0430,0,0,0,1,0,1
EFNA3,0,1,0,0,0,1
KIAA0895L,0,0,0,1,0,1
KIAA1407,0,0,0,1,0,1
KIAA1683,0,0,0,1,0,1
KIDINS220,0,0,0,0,1,1
KIF11,0,0,0,1,0,1
KIF15,0,0,0,1,0,1
KIF18B,0,0,0,1,0,1
KIF1A,0,1,0,0,0,1
KIAA0556,0,0,0,1,0,1
JAK1,0,0,0,0,1,1
JCHAIN,1,0,0,0,0,1
JMJD1C,0,0,0,1,0,1
JPT1,0,1,0,0,0,1
JUNB,1,0,0,0,0,1
JUND,0,0,0,0,1,1
JUP,0,0,0,0,1,1
KCNC4,0,1,0,0,0,1
KCTD5,0,1,0,0,0,1
KCNG1,0,1,0,0,0,1
KCNH2,0,0,0,0,1,1
KCNJ11,0,1,0,0,0,1
KCNK1,0,1,0,0,0,1
KCNMB3,0,1,0,0,0,1
KCNQ4,0,1,0,0,0,1
KCNQ5,0,1,0,0,0,1
KCNT2,0,1,0,0,0,1
KCTD12,0,1,0,0,0,1
KCND1,0,0,0,1,0,1
KMT2A,0,0,0,0,1,1
KMT2D,0,0,0,0,1,1
KMT2E,0,0,0,1,0,1
KNSTRN,0,0,0,1,0,1
KRBOX4,0,0,0,1,0,1
KRT10,0,1,0,0,0,1
KRT12,0,1,0,0,0,1
KRT8,0,0,0,0,1,1
KIF22,1,0,0,0,0,1
KRTCAP2,0,0,0,1,0,1
KSR1,0,0,0,1,0,1
L3MBTL1,0,0,0,1,0,1
LAMTOR1,0,0,0,0,1,1
LAMTOR2,1,0,0,0,0,1
LAPTM4A,1,0,0,0,0,1
LAPTM5,0,0,0,1,0,1
LARP4,0,0,0,1,0,1
LASP1,0,0,0,0,1,1
KRTAP5-9,0,0,0,1,0,1
KIF27,0,0,0,1,0,1
KIF2C,0,0,0,1,0,1
KIF4A,0,0,0,1,0,1
KIFC1,0,0,0,1,0,1
KIR3DL2,0,0,1,0,0,1
KL,0,0,0,1,0,1
KLF1,0,1,0,0,0,1
KLF10,1,0,0,0,0,1
KLRC1,0,0,1,0,0,1
KLF6,1,0,0,0,0,1
KLF7,0,0,0,1,0,1
KLHDC1,0,0,0,1,0,1
KLHDC7B,0,1,0,0,0,1
KLHL17,0,1,0,0,0,1
KLHL29,0,1,0,0,0,1
KLHL4,0,1,0,0,0,1
KLHL42,0,1,0,0,0,1
KLHL6,0,1,0,0,0,1
KLF13,0,1,0,0,0,1
IGDCC4,0,1,0,0,0,1
IGFBP2,0,1,0,0,0,1
IGFLR1,0,0,0,1,0,1
IGHM,1,0,0,0,0,1
IGLL1,1,0,0,0,0,1
IGLON5,0,0,0,1,0,1
IGLV2-18,0,0,0,1,0,1
IKBIP,1,0,0,0,0,1
JAGN1,1,0,0,0,0,1
IKZF2,0,1,0,0,0,1
IL10RB,0,0,0,1,0,1
IL11RA,0,0,0,1,0,1
IL13RA1,0,1,0,0,0,1
IL16,0,0,0,0,1,1
IL18,0,1,0,0,0,1
IL1R1,0,0,0,1,0,1
IL1RAP,1,0,0,0,0,1
IKBKE,0,1,0,0,0,1
HSPD1,1,0,0,0,0,1
HSPH1,1,0,0,0,0,1
HTR1F,0,1,0,0,0,1
HTRA3,0,1,0,0,0,1
HTT,0,0,0,0,1,1
HYAL1,0,1,0,0,0,1
IAH1,1,0,0,0,0,1
ICAM2,1,0,0,0,0,1
IFITM1,0,0,0,1,0,1
ID2,0,0,0,1,0,1
IDH2,1,0,0,0,0,1
IDH3G,0,0,0,1,0,1
IDI1,0,1,0,0,0,1
IDUA,0,0,0,1,0,1
IER3,0,1,0,0,0,1
IFFO1,0,0,0,1,0,1
IFI16,0,1,0,0,0,1
IFIT1B,0,0,0,1,0,1
ICAM5,0,1,0,0,0,1
IRAK1,0,0,0,0,1,1
IRAK2,0,0,0,1,0,1
IRAK3,0,0,0,0,1,1
IRF5,0,0,0,0,1,1
IRF6,0,1,0,0,0,1
IRF7,0,0,0,1,0,1
IRF9,0,0,0,1,0,1
ISCA1,1,0,0,0,0,1
IL21R,0,1,0,0,0,1
ITGA2B,0,1,0,0,0,1
ITGAL,0,0,0,0,1,1
ITGB3,0,0,0,0,1,1
ITGB3BP,0,0,0,1,0,1
ITGB4,0,1,0,0,0,1
ITM2B,1,0,0,0,0,1
ITPA,1,0,0,0,0,1
IVNS1ABP,0,1,0,0,0,1
JADE2,0,1,0,0,0,1
ISCU,0,0,0,1,0,1
IL23A,0,1,0,0,0,1
IL2RA,0,0,0,1,0,1
IL32,0,0,0,1,0,1
ILF3,0,0,0,0,1,1
ILK,0,0,0,0,1,1
IMUP,0,0,0,1,0,1
INAFM1,0,1,0,0,0,1
INHBE,0,1,0,0,0,1
IQGAP2,1,0,0,0,0,1
INPP4B,1,0,0,0,0,1
INPP5A,0,0,0,1,0,1
INSL3,0,0,0,1,0,1
INSR,0,1,0,0,0,1
INSYN2B,0,1,0,0,0,1
INTU,0,0,0,1,0,1
IQCF3,0,1,0,0,0,1
IQCG,0,0,0,1,0,1
IQGAP1,1,0,0,0,0,1
INO80B,0,0,0,1,0,1
MECP2,0,0,0,0,1,1
MED12L,1,0,0,0,0,1
MED13,0,1,0,0,0,1
MED23,0,1,0,0,0,1
MED24,0,1,0,0,0,1
MEF2C,0,0,0,0,1,1
MEF2D,0,0,0,1,0,1
MEGF6,0,1,0,0,0,1
LAX1,0,0,0,1,0,1
MEIS3,0,1,0,0,0,1
MELK,0,0,0,1,0,1
MERTK,0,0,0,1,0,1
METAP1D,0,1,0,0,0,1
METTL26,1,0,0,0,0,1
METTL7A,1,0,0,0,0,1
MEX3A,0,1,0,0,0,1
MFAP3L,0,1,0,0,0,1
MEGF8,0,1,0,0,0,1
MARCH2,0,0,0,1,0,1
MARCH3,0,0,0,1,0,1
MAX,0,0,0,0,1,1
MBOAT7,0,0,0,1,0,1
MCAM,0,1,0,0,0,1
MCEMP1,0,1,0,0,0,1
MCL1,1,0,0,0,0,1
MCM10,0,1,0,0,0,1
ABCC2,0,0,0,1,0,1
MCM7,1,0,0,0,0,1
MCMBP,0,0,0,1,0,1
MCOLN1,0,0,0,1,0,1
MCTP2,0,0,0,1,0,1
MDC1,0,0,0,0,1,1
MDH1,1,0,0,0,0,1
MDH2,1,0,0,0,0,1
MDK,1,0,0,0,0,1
MDM2,1,0,0,0,0,1
MCM2,0,0,0,0,1,1
MMP2,0,0,0,1,0,1
MMP25,0,0,0,1,0,1
MMP28,0,0,0,1,0,1
MNX1,0,1,0,0,0,1
MOB3A,0,1,0,0,0,1
MOB3C,0,0,0,1,0,1
MOCS1,0,1,0,0,0,1
MOSPD1,0,0,0,1,0,1
MFN2,0,0,0,0,1,1
MPP7,0,0,0,1,0,1
MPPE1,0,0,0,1,0,1
MPRIP,0,0,0,0,1,1
MRPL13,1,0,0,0,0,1
MRPL18,1,0,0,0,0,1
MRPL2,0,1,0,0,0,1
MRPL20,1,0,0,0,0,1
MRPL24,0,0,0,1,0,1
MRPL27,1,0,0,0,0,1
MPP3,0,1,0,0,0,1
MFSD1,0,1,0,0,0,1
MFSD10,1,0,0,0,0,1
MFSD13A,0,1,0,0,0,1
MGAT3,0,1,0,0,0,1
MGMT,1,0,0,0,0,1
MIB2,0,0,0,1,0,1
MICA,0,1,0,0,0,1
MICALL1,0,1,0,0,0,1
MMP17,0,1,0,0,0,1
MIF,0,1,0,0,0,1
MILR1,0,1,0,0,0,1
MINAR1,0,1,0,0,0,1
MITF,0,0,0,0,1,1
MKL2,0,0,0,1,0,1
MKNK2,0,0,0,1,0,1
MLXIP,0,0,0,1,0,1
MME,0,1,0,0,0,1
MMP11,0,1,0,0,0,1
MIDN,0,0,0,1,0,1
LMNTD2,0,0,0,1,0,1
LMO4,0,0,0,1,0,1
LOC100996740,0,0,0,1,0,1
LOXL2,0,0,0,1,0,1
LPAR4,0,0,0,1,0,1
LPCAT2,0,1,0,0,0,1
LPIN1,0,0,0,0,1,1
LPPR2,0,0,0,1,0,1
MAPKBP1,0,0,0,1,0,1
LRIT3,0,0,0,1,0,1
LRP1,0,1,0,0,0,1
LRP12,0,1,0,0,0,1
LRP5L,0,0,0,1,0,1
LRP6,0,0,0,0,1,1
LRPAP1,1,0,0,0,0,1
LRRC16A,0,0,0,1,0,1
LRRC8D,0,0,0,1,0,1
LRGUK,0,1,0,0,0,1
LBX2,0,0,0,1,0,1
LCP1,1,0,0,0,0,1
LDHA,0,1,0,0,0,1
LDHB,0,0,0,0,1,1
LDLR,1,0,0,0,0,1
LENG8,0,0,0,1,0,1
LENG9,0,0,0,1,0,1
LGALS1,1,0,0,0,0,1
LITAF,1,0,0,0,0,1
LGALS13,0,1,0,0,0,1
LGALS8,0,1,0,0,0,1
LGMN,0,1,0,0,0,1
LIG4,0,0,0,1,0,1
LIMA1,0,0,0,0,1,1
LIMD2,1,0,0,0,0,1
LIN28B,0,1,0,0,0,1
LINGO1,0,1,0,0,0,1
LIPG,0,1,0,0,0,1
LGALS12,0,0,0,1,0,1
MAGEB17,0,1,0,0,0,1
MAGED2,0,1,0,0,0,1
MAGI2,0,1,0,0,0,1
MAGOHB,0,0,0,1,0,1
MAN2B2,0,0,0,1,0,1
MAP1LC3B,1,0,0,0,0,1
MAP1LC3B2,0,0,0,1,0,1
MAP2K3,0,0,0,0,1,1
LRRN3,0,1,0,0,0,1
MAP3K8,1,0,0,0,0,1
MAP4K1,0,0,0,0,1,1
MAPK1,0,0,0,0,1,1
MAPK12,0,0,0,0,1,1
MAPK13,0,0,0,1,0,1
MAPK14,0,0,0,0,1,1
MAPK1IP1L,1,0,0,0,0,1
MAPK8IP3,0,0,0,1,0,1
MAPKAPK5,0,0,0,0,1,1
MAP3K12,0,0,0,1,0,1
LRRTM2,0,1,0,0,0,1
LSM7,1,0,0,0,0,1
LSP1,1,0,0,0,0,1
LSS,0,0,0,1,0,1
LTBP1,0,1,0,0,0,1
LUZP4,0,1,0,0,0,1
LY6E,1,0,0,0,0,1
LY75-CD302,0,1,0,0,0,1
MAGEA3,0,0,0,0,1,1
LYG1,0,0,0,1,0,1
LYG2,0,1,0,0,0,1
LYPD8,0,1,0,0,0,1
LYRM9,0,0,0,1,0,1
LYZ,0,1,0,0,0,1
MAD2L1,0,0,0,1,0,1
MAEA,0,0,0,1,0,1
MAF,0,0,0,1,0,1
MAF1,0,0,0,0,1,1
LY96,0,1,0,0,0,1
FCER1A,1,0,0,0,0,1
FCGR1A,0,1,0,0,0,1
FCGR1B,0,1,0,0,0,1
FCGR2A,0,0,0,0,1,1
FCGRT,1,0,0,0,0,1
FEN1,1,0,0,0,0,1
FGF17,0,1,0,0,0,1
FGF18,0,0,0,1,0,1
HSPB11,1,0,0,0,0,1
FH,0,0,0,0,1,1
FHL1,1,0,0,0,0,1
FHOD1,0,0,0,0,1,1
FIBP,1,0,0,0,0,1
FJX1,0,1,0,0,0,1
FKBP4,1,0,0,0,0,1
FLACC1,0,1,0,0,0,1
FLCN,0,0,0,0,1,1
FGL2,0,1,0,0,0,1
FAM47E-STBD1,0,1,0,0,0,1
FAM53C,1,0,0,0,0,1
FAM64A,0,0,0,1,0,1
FAM71F2,0,1,0,0,0,1
FAM72A,0,0,0,1,0,1
FAM72C,0,0,0,1,0,1
FAM72D,0,0,0,1,0,1
FAM83D,0,1,0,0,0,1
FBXW7,0,1,0,0,0,1
FARSA,1,0,0,0,0,1
FBN1,0,0,0,1,0,1
FBXL14,0,1,0,0,0,1
FBXL20,0,0,0,1,0,1
FBXL22,0,1,0,0,0,1
FBXL8,0,0,0,1,0,1
FBXO32,0,0,0,1,0,1
FBXO38,0,0,0,1,0,1
FBXO5,0,0,0,0,1,1
FANCD2,0,0,0,0,1,1
FYB1,1,0,0,0,0,1
G6PD,0,0,0,0,1,1
GABARAP,0,0,0,1,0,1
GABARAPL1,0,0,0,1,0,1
GABRB3,0,1,0,0,0,1
GABRE,0,1,0,0,0,1
GADD45B,0,1,0,0,0,1
GADD45GIP1,1,0,0,0,0,1
FLT3,0,0,0,0,1,1
GALK1,0,1,0,0,0,1
GALNT4,0,1,0,0,0,1
GAPDH,1,0,0,0,0,1
GATA1,0,0,0,0,1,1
GBP2,0,0,0,1,0,1
GCAT,0,0,0,1,0,1
GCGR,0,0,0,1,0,1
GCSAML,0,0,0,1,0,1
GCSH,0,0,0,1,0,1
GALC,0,0,0,1,0,1
FLVCR1,0,1,0,0,0,1
FMNL3,0,1,0,0,0,1
FMO1,0,0,0,1,0,1
FMO4,0,0,0,1,0,1
FMO5,0,0,0,1,0,1
FMOD,0,0,0,1,0,1
FN1,0,1,0,0,0,1
FNIP2,0,1,0,0,0,1
FURIN,0,0,0,1,0,1
FOSB,1,0,0,0,0,1
FOSL2,0,0,0,1,0,1
FOXA1,0,1,0,0,0,1
FOXH1,0,0,0,1,0,1
FOXN3,0,0,0,0,1,1
FPR1,0,0,0,1,0,1
FSD1,0,0,0,1,0,1
FTH1,1,0,0,0,0,1
FUCA1,0,0,0,1,0,1
FOS,1,0,0,0,0,1
EMP3,1,0,0,0,0,1
EN1,0,1,0,0,0,1
ENAH,0,0,0,0,1,1
ENO2,0,1,0,0,0,1
ENPP2,0,0,0,1,0,1
ENPP3,0,1,0,0,0,1
ENTHD2,0,0,0,1,0,1
EPAS1,0,1,0,0,0,1
FAM47E,0,1,0,0,0,1
EPHB6,0,1,0,0,0,1
EPHX2,0,1,0,0,0,1
EPN1,0,0,0,0,1,1
ERFE,0,1,0,0,0,1
ERG,0,0,0,1,0,1
ERG28,0,1,0,0,0,1
ERGIC3,0,0,0,1,0,1
ERICH1,0,0,0,1,0,1
EPB41,0,0,0,0,1,1
EFNB1,0,0,0,1,0,1
EGFL7,0,1,0,0,0,1
EGLN1,0,0,0,0,1,1
EGLN2,0,0,0,1,0,1
EGLN3,0,1,0,0,0,1
EIF1,1,0,0,0,0,1
EIF2AK1,0,1,0,0,0,1
EIF2AK2,0,0,0,0,1,1
EML6,0,0,0,1,0,1
EIF3I,1,0,0,0,0,1
EIF4A1,1,0,0,0,0,1
EIF4B,1,0,0,0,0,1
EIF6,1,0,0,0,0,1
ELF2,0,0,0,1,0,1
ELMO1,0,0,0,1,0,1
ELOVL6,0,0,0,1,0,1
EME1,0,0,0,1,0,1
EMID1,0,1,0,0,0,1
EIF3A,1,0,0,0,0,1
FAM114A1,0,1,0,0,0,1
FAM117A,0,0,0,1,0,1
FAM13B,0,1,0,0,0,1
FAM160A2,0,0,0,1,0,1
FAM162A,0,1,0,0,0,1
FAM179A,0,0,0,1,0,1
FAM185A,0,1,0,0,0,1
FAM189B,0,1,0,0,0,1
ERMN,0,0,0,1,0,1
FAM209A,0,0,0,1,0,1
FAM213A,0,0,0,1,0,1
FAM214A,0,0,0,1,0,1
FAM214B,0,0,0,1,0,1
FAM220A,0,0,0,1,0,1
FAM222A,0,0,0,1,0,1
FAM229A,0,0,0,1,0,1
FAM241A,0,1,0,0,0,1
FAM43A,0,0,0,1,0,1
FAM198B,0,0,0,1,0,1
ERV3-1,0,0,0,1,0,1
ESR2,0,1,0,0,0,1
ETV1,0,1,0,0,0,1
ETV4,0,0,0,1,0,1
ETV5,0,0,0,1,0,1
EVI5L,0,0,0,1,0,1
EXO1,0,0,0,1,0,1
EXOC7,0,0,0,1,0,1
FAM111B,0,0,0,1,0,1
EXOSC6,0,1,0,0,0,1
EYS,0,1,0,0,0,1
EZH1,0,0,0,1,0,1
F12,0,0,0,1,0,1
FABP5,1,0,0,0,0,1
FADS1,0,0,0,1,0,1
FAH,1,0,0,0,0,1
FAIM,0,0,0,1,0,1
FAM111A,0,1,0,0,0,1
EXOSC5,1,0,0,0,0,1
HECW2,0,1,0,0,0,1
HEMGN,1,0,0,0,0,1
HEXB,0,0,0,1,0,1
HEXDC,0,0,0,1,0,1
HIGD2A,1,0,0,0,0,1
HILPDA,0,1,0,0,0,1
HINT1,0,1,0,0,0,1
HIP1,0,1,0,0,0,1
GDF15,0,1,0,0,0,1
HIST1H1D,1,0,0,0,0,1
HIST1H1E,1,0,0,0,0,1
HIST1H2AC,0,0,0,1,0,1
HIST1H2BD,0,0,0,1,0,1
HIST1H3A,0,0,0,1,0,1
HIST2H2AA3,0,0,0,1,0,1
HIST2H2BE,0,0,0,1,0,1
HIVEP2,0,0,0,1,0,1
HIRA,0,0,0,0,1,1
H4C4,0,1,0,0,0,1
HACD3,0,0,0,1,0,1
HAPLN2,0,1,0,0,0,1
HAT1,0,0,0,0,1,1
HAUS1,0,0,0,1,0,1
HBB,0,0,1,0,0,1
HBEGF,0,0,0,1,0,1
HBG1,0,1,0,0,0,1
HECTD4,0,0,0,1,0,1
HBZ,0,1,0,0,0,1
HCFC1R1,1,0,0,0,0,1
HDAC1,0,0,0,0,1,1
HDAC10,0,0,0,1,0,1
HDAC2,0,0,0,0,1,1
HDAC3,0,0,0,0,1,1
HDAC6,0,0,0,0,1,1
HDAC7,0,0,0,0,1,1
HEATR5B,0,0,0,1,0,1
HBM,0,1,0,0,0,1
HPGDS,1,0,0,0,0,1
HPR,0,0,0,1,0,1
HPS1,0,0,0,1,0,1
HRASLS5,0,0,0,1,0,1
HRK,0,1,0,0,0,1
HSD11B2,0,0,0,1,0,1
HSF1,0,0,0,0,1,1
HSF4,0,0,0,1,0,1
HJURP,0,1,0,0,0,1
HSP90AB1,0,0,0,0,1,1
HSP90B1,1,0,0,0,0,1
HSPA1A,1,0,0,0,0,1
HSPA1B,1,0,0,0,0,1
HSPA1L,0,0,0,1,0,1
HSPA5,1,0,0,0,0,1
HSPA6,1,0,0,0,0,1
HSPA9,0,0,0,0,1,1
HSPB1,0,0,0,0,1,1
HSP90AA1,1,0,0,0,0,1
HJV,0,1,0,0,0,1
HKDC1,0,1,0,0,0,1
HLA-B,1,0,0,0,0,1
HLA-DMB,0,0,0,1,0,1
HLA-DOA,0,0,0,1,0,1
HLA-DPB1,1,0,0,0,0,1
HLA-DQA1,1,0,0,0,0,1
HLA-DQA2,1,0,0,0,0,1
HPDL,0,0,0,1,0,1
HLA-DRB5,1,0,0,0,0,1
HM13,1,0,0,0,0,1
HMG20B,1,0,0,0,0,1
HMGA1,0,0,0,0,1,1
HMGB1,1,0,0,0,0,1
HMGN1,1,0,0,0,0,1
HMMR,0,0,0,1,0,1
HNF4A,0,1,0,0,0,1
HOXA3,0,0,0,1,0,1
HLA-DRB1,1,0,0,0,0,1
GNAQ,0,0,0,0,1,1
GNB5,0,1,0,0,0,1
GNG7,0,0,0,1,0,1
GNPTG,0,0,0,1,0,1
GNRHR,0,1,0,0,0,1
GOLGA1,0,0,0,1,0,1
GOLGA6D,0,0,0,1,0,1
GOLGA8A,0,0,0,1,0,1
H3F3B,1,0,0,0,0,1
GOLPH3,1,0,0,0,0,1
GOLT1B,0,1,0,0,0,1
GORASP2,0,0,0,0,1,1
GPAT3,1,0,0,0,0,1
GPC1,0,0,0,1,0,1
GPCPD1,0,0,0,1,0,1
GPI,0,1,0,0,0,1
GPN3,1,0,0,0,0,1
GOLGA8B,0,0,0,1,0,1
GDI1,0,0,0,1,0,1
GDPD3,0,0,0,1,0,1
GFI1B,0,1,0,0,0,1
GFPT1,0,0,0,0,1,1
GGCT,0,0,0,1,0,1
GGT5,0,0,0,1,0,1
GIMAP1,0,0,0,1,0,1
GIMAP8,0,0,0,1,0,1
GNAO1,0,1,0,0,0,1
GINS4,0,0,0,1,0,1
GJA9,0,1,0,0,0,1
GK5,0,0,1,0,0,1
GLIPR1,1,0,0,0,0,1
GLMP,0,0,0,1,0,1
GLO1,0,0,0,1,0,1
GLTSCR2,0,0,0,1,0,1
GLUL,1,0,0,0,0,1
GM2A,0,1,0,0,0,1
GINS1,0,0,0,1,0,1
GSDMD,1,0,0,0,0,1
GSDME,0,1,0,0,0,1
GSK3A,0,0,0,0,1,1
GSTK1,1,0,0,0,0,1
GSTM2,1,0,0,0,0,1
GSTO1,0,1,0,0,0,1
GSTP1,0,0,0,0,1,1
GTF2A2,1,0,0,0,0,1
GPR114,0,0,0,1,0,1
GTF2IRD2B,0,0,0,1,0,1
GTSE1,0,0,0,1,0,1
GTSF1,1,0,0,0,0,1
GUCA1B,0,1,0,0,0,1
GYPC,1,0,0,0,0,1
H1-10,0,1,0,0,0,1
H1F0,1,0,0,0,0,1
H2AFY,1,0,0,0,0,1
H2AFZ,1,0,0,0,0,1
GTF2IRD2,0,0,0,1,0,1
GPR153,0,0,0,1,0,1
GPR162,0,0,0,1,0,1
GPR22,0,1,0,0,0,1
GPR3,0,1,0,0,0,1
GPR35,0,0,0,1,0,1
GPR37L1,0,0,0,1,0,1
GPR78,0,1,0,0,0,1
GPR83,0,1,0,0,0,1
GRIPAP1,0,0,0,1,0,1
GPX1,0,0,0,1,0,1
GPX3,0,1,0,0,0,1
GRAMD1B,0,1,0,0,0,1
GRAP,0,0,0,0,1,1
GRASP,0,0,0,1,0,1
GRB10,0,0,0,0,1,1
GRB7,0,0,0,0,1,1
GREB1,0,0,0,1,0,1
GRIP2,0,1,0,0,0,1
GPRIN1,0,1,0,0,0,1
