gene1,gene2,combined_score
CYP51A1,MVK,782
CYP51A1,MVK,782
MCM5,GMNN,847
MCM5,GMNN,847
NFKBIA,DUSP1,652
NFKBIA,DUSP1,652
NFKBIA,EGR1,497
NFKBIA,EGR1,497
DUSP1,EGR1,800
DUSP1,EGR1,800
EEF1A2,MRPS7,495
EEF1A2,MRPS7,495
HSPE1,MRPS7,579
HSPE1,MRPS7,579
DUSP1,KLF2,527
DUSP1,KLF2,527
MCM5,GINS2,999
MCM5,GINS2,999
GMNN,GINS2,634
GMNN,GINS2,634
MND1,GINS2,436
MND1,GINS2,436
EGR1,BHLHE40,504
EGR1,BHLHE40,504
MCM5,ESPL1,490
MCM5,ESPL1,490
MCM5,PKMYT1,487
MCM5,PKMYT1,487
GINS2,PKMYT1,500
GINS2,PKMYT1,500
ESPL1,PKMYT1,649
ESPL1,PKMYT1,649
EEF1A2,RPL8,737
EEF1A2,RPL8,737
MRPS7,RPL8,955
MRPS7,RPL8,955
HSPE1,PRDX1,610
HSPE1,PRDX1,610
MCM5,LIG1,947
MCM5,LIG1,947
PKMYT1,LIG1,428
PKMYT1,LIG1,428
MCM5,ASF1B,863
MCM5,ASF1B,863
GINS2,ASF1B,540
GINS2,ASF1B,540
ESPL1,ASF1B,604
ESPL1,ASF1B,604
PKMYT1,ASF1B,517
PKMYT1,ASF1B,517
LIG1,ASF1B,446
LIG1,ASF1B,446
EGR1,MECOM,533
EGR1,MECOM,533
MCM5,TMPO,477
MCM5,TMPO,477
NFKBIA,SAE1,562
NFKBIA,SAE1,562
DUSP1,RHOB,474
DUSP1,RHOB,474
EGR1,RHOB,618
EGR1,RHOB,618
KLF2,RHOB,401
KLF2,RHOB,401
MRPS7,RPL37,782
MRPS7,RPL37,782
RPL8,RPL37,999
RPL8,RPL37,999
MCM5,CDCA5,553
MCM5,CDCA5,553
GMNN,CDCA5,541
GMNN,CDCA5,541
MND1,CDCA5,687
MND1,CDCA5,687
GINS2,CDCA5,683
GINS2,CDCA5,683
ESPL1,CDCA5,930
ESPL1,CDCA5,930
PKMYT1,CDCA5,601
PKMYT1,CDCA5,601
ASF1B,CDCA5,603
ASF1B,CDCA5,603
EREG,STAR,449
EREG,STAR,449
MCM5,CENPU,431
MCM5,CENPU,431
GMNN,CENPU,548
GMNN,CENPU,548
MND1,CENPU,805
MND1,CENPU,805
GINS2,CENPU,548
GINS2,CENPU,548
ESPL1,CENPU,683
ESPL1,CENPU,683
CDCA5,CENPU,705
CDCA5,CENPU,705
LIG1,XPC,443
LIG1,XPC,443
GMNN,CCDC146,739
GMNN,CCDC146,739
CYP51A1,HMGCR,948
CYP51A1,HMGCR,948
MVK,HMGCR,999
MVK,HMGCR,999
STAR,HMGCR,432
STAR,HMGCR,432
DUSP1,BTG2,739
DUSP1,BTG2,739
EGR1,BTG2,677
EGR1,BTG2,677
RHOB,BTG2,464
RHOB,BTG2,464
PFKFB4,HK2,866
PFKFB4,HK2,866
HK2,BAX,919
HK2,BAX,919
EGR1,ALDH1A1,433
EGR1,ALDH1A1,433
ALDH1A2,ALDH1A1,915
ALDH1A2,ALDH1A1,915
MVK,LIPC,450
MVK,LIPC,450
HMGCR,LIPC,719
HMGCR,LIPC,719
MCM5,TPX2,488
MCM5,TPX2,488
MND1,TPX2,515
MND1,TPX2,515
GINS2,TPX2,524
GINS2,TPX2,524
ESPL1,TPX2,810
ESPL1,TPX2,810
PKMYT1,TPX2,416
PKMYT1,TPX2,416
ASF1B,TPX2,596
ASF1B,TPX2,596
CDCA5,TPX2,883
CDCA5,TPX2,883
CENPU,TPX2,610
CENPU,TPX2,610
MCM5,BUB1,716
MCM5,BUB1,716
GMNN,BUB1,521
GMNN,BUB1,521
MND1,BUB1,825
MND1,BUB1,825
GINS2,BUB1,560
GINS2,BUB1,560
ESPL1,BUB1,990
ESPL1,BUB1,990
PKMYT1,BUB1,765
PKMYT1,BUB1,765
ASF1B,BUB1,620
ASF1B,BUB1,620
TMPO,BUB1,456
TMPO,BUB1,456
CDCA5,BUB1,933
CDCA5,BUB1,933
CENPU,BUB1,758
CENPU,BUB1,758
TPX2,BUB1,958
TPX2,BUB1,958
EEF1A2,MRPL4,471
EEF1A2,MRPL4,471
HSPE1,MRPL4,402
HSPE1,MRPL4,402
MRPS7,MRPL4,997
MRPS7,MRPL4,997
RPL8,MRPL4,886
RPL8,MRPL4,886
RPL37,MRPL4,653
RPL37,MRPL4,653
DUSP1,PTPN7,442
DUSP1,PTPN7,442
MRPS7,RPL38,942
MRPS7,RPL38,942
RPL8,RPL38,999
RPL8,RPL38,999
RPL37,RPL38,999
RPL37,RPL38,999
MRPL4,RPL38,936
MRPL4,RPL38,936
HMGCR,PPARD,426
HMGCR,PPARD,426
MCM5,CKS1B,488
MCM5,CKS1B,488
GMNN,CKS1B,766
GMNN,CKS1B,766
DUSP1,CKS1B,750
DUSP1,CKS1B,750
MND1,CKS1B,423
MND1,CKS1B,423
GINS2,CKS1B,431
GINS2,CKS1B,431
ESPL1,CKS1B,926
ESPL1,CKS1B,926
PKMYT1,CKS1B,866
PKMYT1,CKS1B,866
CDCA5,CKS1B,509
CDCA5,CKS1B,509
CENPU,CKS1B,431
CENPU,CKS1B,431
TPX2,CKS1B,566
TPX2,CKS1B,566
BUB1,CKS1B,717
BUB1,CKS1B,717
MCM5,CLSPN,958
MCM5,CLSPN,958
GINS2,CLSPN,897
GINS2,CLSPN,897
ESPL1,CLSPN,570
ESPL1,CLSPN,570
LIG1,CLSPN,435
LIG1,CLSPN,435
CDCA5,CLSPN,491
CDCA5,CLSPN,491
CENPU,CLSPN,419
CENPU,CLSPN,419
BUB1,CLSPN,589
BUB1,CLSPN,589
BHLHE40,PER1,642
BHLHE40,PER1,642
MCM5,TYMS,896
MCM5,TYMS,896
GMNN,TYMS,559
GMNN,TYMS,559
HSPE1,TYMS,406
HSPE1,TYMS,406
MND1,TYMS,667
MND1,TYMS,667
SNRPA,TYMS,488
SNRPA,TYMS,488
GINS2,TYMS,743
GINS2,TYMS,743
LIG1,TYMS,637
LIG1,TYMS,637
ASF1B,TYMS,418
ASF1B,TYMS,418
CDCA5,TYMS,730
CDCA5,TYMS,730
CENPU,TYMS,640
CENPU,TYMS,640
TPX2,TYMS,670
TPX2,TYMS,670
BUB1,TYMS,846
BUB1,TYMS,846
CKS1B,TYMS,572
CKS1B,TYMS,572
MCM5,CHAF1B,708
MCM5,CHAF1B,708
GMNN,CHAF1B,608
GMNN,CHAF1B,608
GINS2,CHAF1B,680
GINS2,CHAF1B,680
ASF1B,CHAF1B,993
ASF1B,CHAF1B,993
THOC3,CHAF1B,414
THOC3,CHAF1B,414
CDCA5,CHAF1B,447
CDCA5,CHAF1B,447
CENPU,CHAF1B,426
CENPU,CHAF1B,426
BUB1,CHAF1B,426
BUB1,CHAF1B,426
CLSPN,CHAF1B,537
CLSPN,CHAF1B,537
TYMS,CHAF1B,618
TYMS,CHAF1B,618
MCM5,CDC25C,488
MCM5,CDC25C,488
MND1,CDC25C,468
MND1,CDC25C,468
GINS2,CDC25C,464
GINS2,CDC25C,464
ESPL1,CDC25C,618
ESPL1,CDC25C,618
PKMYT1,CDC25C,822
PKMYT1,CDC25C,822
ASF1B,CDC25C,401
ASF1B,CDC25C,401
RHOB,CDC25C,523
RHOB,CDC25C,523
CDCA5,CDC25C,739
CDCA5,CDC25C,739
CENPU,CDC25C,486
CENPU,CDC25C,486
TPX2,CDC25C,644
TPX2,CDC25C,644
BUB1,CDC25C,921
BUB1,CDC25C,921
CKS1B,CDC25C,519
CKS1B,CDC25C,519
CLSPN,CDC25C,709
CLSPN,CDC25C,709
TYMS,CDC25C,457
TYMS,CDC25C,457
CYP51A1,HMGCS1,984
CYP51A1,HMGCS1,984
MVK,HMGCS1,920
MVK,HMGCS1,920
HMGCR,HMGCS1,999
HMGCR,HMGCS1,999
NFKBIA,NFKBIZ,781
NFKBIA,NFKBIZ,781
DUSP1,NFKBIZ,638
DUSP1,NFKBIZ,638
EGR1,NFKBIZ,532
EGR1,NFKBIZ,532
BTG2,NFKBIZ,547
BTG2,NFKBIZ,547
EEF1A2,EIF4A2,653
EEF1A2,EIF4A2,653
RPL38,EIF4A2,426
RPL38,EIF4A2,426
CLSPN,EIF4A2,422
CLSPN,EIF4A2,422
CD38,IL3RA,792
CD38,IL3RA,792
ALDH1A2,RARB,642
ALDH1A2,RARB,642
ALDH1A1,RARB,534
ALDH1A1,RARB,534
EGR1,NFAT5,550
EGR1,NFAT5,550
NFKBIA,TUBB,637
NFKBIA,TUBB,637
EEF1A2,TUBB,427
EEF1A2,TUBB,427
RPL8,TUBB,833
RPL8,TUBB,833
RPL37,TUBB,807
RPL37,TUBB,807
RPL38,TUBB,817
RPL38,TUBB,817
CFP,POFUT2,529
CFP,POFUT2,529
EGR1,EIF4EBP1,405
EGR1,EIF4EBP1,405
BUB1,EIF4EBP1,469
BUB1,EIF4EBP1,469
EIF4A2,EIF4EBP1,933
EIF4A2,EIF4EBP1,933
NFKBIA,TRADD,640
NFKBIA,TRADD,640
BAX,TRADD,401
BAX,TRADD,401
RALA,PLD1,984
RALA,PLD1,984
KLC4,PLD1,515
KLC4,PLD1,515
HSPE1,SP100,591
HSPE1,SP100,591
DDX60L,SP100,667
DDX60L,SP100,667
SAE1,SP100,629
SAE1,SP100,629
NFKBIA,ATF3,676
NFKBIA,ATF3,676
DUSP1,ATF3,833
DUSP1,ATF3,833
EGR1,ATF3,873
EGR1,ATF3,873
BHLHE40,ATF3,462
BHLHE40,ATF3,462
RHOB,ATF3,405
RHOB,ATF3,405
BTG2,ATF3,639
BTG2,ATF3,639
NFKBIZ,ATF3,608
NFKBIZ,ATF3,608
DUSP1,NR4A2,677
DUSP1,NR4A2,677
EGR1,NR4A2,808
EGR1,NR4A2,808
BHLHE40,NR4A2,401
BHLHE40,NR4A2,401
BTG2,NR4A2,446
BTG2,NR4A2,446
ATF3,NR4A2,750
ATF3,NR4A2,750
CYP51A1,INSIG1,840
CYP51A1,INSIG1,840
MVK,INSIG1,670
MVK,INSIG1,670
ASF1B,INSIG1,468
ASF1B,INSIG1,468
HMGCR,INSIG1,999
HMGCR,INSIG1,999
CHAF1B,INSIG1,736
CHAF1B,INSIG1,736
HMGCS1,INSIG1,885
HMGCS1,INSIG1,885
P2RX1,GATA2,413
P2RX1,GATA2,413
DUSP1,GATA2,434
DUSP1,GATA2,434
EGR1,GATA2,494
EGR1,GATA2,494
KLF2,GATA2,495
KLF2,GATA2,495
MECOM,GATA2,695
MECOM,GATA2,695
CPA3,GATA2,752
CPA3,GATA2,752
HSPE1,RPS21,408
HSPE1,RPS21,408
MRPS7,RPS21,951
MRPS7,RPS21,951
DDX60L,RPS21,465
DDX60L,RPS21,465
RPL8,RPS21,999
RPL8,RPS21,999
RPL37,RPS21,999
RPL37,RPS21,999
MRPL4,RPS21,950
MRPL4,RPS21,950
RPL38,RPS21,999
RPL38,RPS21,999
CFP,C5AR1,766
CFP,C5AR1,766
CYP51A1,FDPS,886
CYP51A1,FDPS,886
MVK,FDPS,911
MVK,FDPS,911
HMGCR,FDPS,967
HMGCR,FDPS,967
HMGCS1,FDPS,997
HMGCS1,FDPS,997
INSIG1,FDPS,742
INSIG1,FDPS,742
ATF3,MAFG,561
ATF3,MAFG,561
CD38,CD300A,445
CD38,CD300A,445
IL3RA,GAB2,595
IL3RA,GAB2,595
MRPS7,RPL39,779
MRPS7,RPL39,779
RPL8,RPL39,999
RPL8,RPL39,999
RPL37,RPL39,998
RPL37,RPL39,998
MRPL4,RPL39,698
MRPL4,RPL39,698
RPL38,RPL39,999
RPL38,RPL39,999
TUBB,RPL39,806
TUBB,RPL39,806
RPS21,RPL39,999
RPS21,RPL39,999
TYMS,GUK1,502
TYMS,GUK1,502
CYP51A1,ACAT2,732
CYP51A1,ACAT2,732
MVK,ACAT2,885
MVK,ACAT2,885
HMGCR,ACAT2,900
HMGCR,ACAT2,900
ACSM1,ACAT2,448
ACSM1,ACAT2,448
HMGCS1,ACAT2,998
HMGCS1,ACAT2,998
INSIG1,ACAT2,497
INSIG1,ACAT2,497
FDPS,ACAT2,829
FDPS,ACAT2,829
EGR1,USF1,628
EGR1,USF1,628
BHLHE40,USF1,443
BHLHE40,USF1,443
ATF3,USF1,686
ATF3,USF1,686
GATA2,USF1,577
GATA2,USF1,577
NFKBIA,LMNA,501
NFKBIA,LMNA,501
TMPO,LMNA,989
TMPO,LMNA,989
TUBB,LMNA,454
TUBB,LMNA,454
MRPS7,ECHS1,450
MRPS7,ECHS1,450
ACSM1,ECHS1,446
ACSM1,ECHS1,446
MRPL4,ECHS1,427
MRPL4,ECHS1,427
HMGCS1,ECHS1,701
HMGCS1,ECHS1,701
ACAT2,ECHS1,831
ACAT2,ECHS1,831
RALA,RAB13,610
RALA,RAB13,610
MCM5,TTK,595
MCM5,TTK,595
GMNN,TTK,510
GMNN,TTK,510
MND1,TTK,728
MND1,TTK,728
GINS2,TTK,509
GINS2,TTK,509
ESPL1,TTK,945
ESPL1,TTK,945
ASF1B,TTK,530
ASF1B,TTK,530
CDCA5,TTK,734
CDCA5,TTK,734
CENPU,TTK,629
CENPU,TTK,629
TPX2,TTK,935
TPX2,TTK,935
BUB1,TTK,999
BUB1,TTK,999
CKS1B,TTK,524
CKS1B,TTK,524
CLSPN,TTK,567
CLSPN,TTK,567
TYMS,TTK,670
TYMS,TTK,670
CHAF1B,TTK,454
CHAF1B,TTK,454
CDC25C,TTK,787
CDC25C,TTK,787
TUBB,TTK,476
TUBB,TTK,476
NFKBIA,NFKB2,995
NFKBIA,NFKB2,995
NFKBIZ,NFKB2,830
NFKBIZ,NFKB2,830
TRADD,NFKB2,477
TRADD,NFKB2,477
ACTA2,PGAM1,535
ACTA2,PGAM1,535
PFKFB4,PGAM1,635
PFKFB4,PGAM1,635
HSPE1,PGAM1,419
HSPE1,PGAM1,419
PRDX1,PGAM1,532
PRDX1,PGAM1,532
HK2,PGAM1,588
HK2,PGAM1,588
NFKBIA,JUN,908
NFKBIA,JUN,908
DUSP1,JUN,911
DUSP1,JUN,911
EGR1,JUN,990
EGR1,JUN,990
WNK4,JUN,520
WNK4,JUN,520
KLF2,JUN,720
KLF2,JUN,720
BHLHE40,JUN,622
BHLHE40,JUN,622
PRDX1,JUN,582
PRDX1,JUN,582
MECOM,JUN,734
MECOM,JUN,734
RHOB,JUN,519
RHOB,JUN,519
HMGCR,JUN,423
HMGCR,JUN,423
BTG2,JUN,578
BTG2,JUN,578
BAX,JUN,560
BAX,JUN,560
PPARD,JUN,654
PPARD,JUN,654
NFKBIZ,JUN,529
NFKBIZ,JUN,529
RARB,JUN,566
RARB,JUN,566
NFAT5,JUN,687
NFAT5,JUN,687
TRADD,JUN,516
TRADD,JUN,516
ATF3,JUN,999
ATF3,JUN,999
NR4A2,JUN,623
NR4A2,JUN,623
GATA2,JUN,854
GATA2,JUN,854
MAFG,JUN,702
MAFG,JUN,702
USF1,JUN,488
USF1,JUN,488
LMNA,JUN,494
LMNA,JUN,494
NFKB2,JUN,525
NFKB2,JUN,525
MND1,CEP55,794
MND1,CEP55,794
GINS2,CEP55,531
GINS2,CEP55,531
ESPL1,CEP55,743
ESPL1,CEP55,743
ASF1B,CEP55,628
ASF1B,CEP55,628
CDCA5,CEP55,873
CDCA5,CEP55,873
CENPU,CEP55,608
CENPU,CEP55,608
TPX2,CEP55,944
TPX2,CEP55,944
BUB1,CEP55,928
BUB1,CEP55,928
CKS1B,CEP55,408
CKS1B,CEP55,408
CLSPN,CEP55,510
CLSPN,CEP55,510
TYMS,CEP55,767
TYMS,CEP55,767
CDC25C,CEP55,585
CDC25C,CEP55,585
TTK,CEP55,945
TTK,CEP55,945
NFKBIA,NCOA3,521
NFKBIA,NCOA3,521
PFKFB4,NCOA3,418
PFKFB4,NCOA3,418
MED13L,NCOA3,565
MED13L,NCOA3,565
PPARD,NCOA3,704
PPARD,NCOA3,704
NFAT5,NCOA3,479
NFAT5,NCOA3,479
ATF3,NCOA3,496
ATF3,NCOA3,496
ACAT2,NCOA3,462
ACAT2,NCOA3,462
USF1,NCOA3,548
USF1,NCOA3,548
JUN,NCOA3,938
JUN,NCOA3,938
NFKBIA,TSC22D3,412
NFKBIA,TSC22D3,412
DUSP1,TSC22D3,740
DUSP1,TSC22D3,740
PER1,TSC22D3,488
PER1,TSC22D3,488
JUN,TSC22D3,502
JUN,TSC22D3,502
MCM5,YBX1,576
MCM5,YBX1,576
EGR1,YBX1,471
EGR1,YBX1,471
MRPS7,YBX1,587
MRPS7,YBX1,587
RPL8,YBX1,562
RPL8,YBX1,562
EIF4A2,YBX1,629
EIF4A2,YBX1,629
JUN,YBX1,409
JUN,YBX1,409
MCM5,ZWINT,446
MCM5,ZWINT,446
GMNN,ZWINT,500
GMNN,ZWINT,500
MND1,ZWINT,532
MND1,ZWINT,532
GINS2,ZWINT,659
GINS2,ZWINT,659
ESPL1,ZWINT,846
ESPL1,ZWINT,846
ASF1B,ZWINT,487
ASF1B,ZWINT,487
TMPO,ZWINT,426
TMPO,ZWINT,426
CDCA5,ZWINT,908
CDCA5,ZWINT,908
CENPU,ZWINT,829
CENPU,ZWINT,829
TPX2,ZWINT,913
TPX2,ZWINT,913
BUB1,ZWINT,991
BUB1,ZWINT,991
CKS1B,ZWINT,437
CKS1B,ZWINT,437
TYMS,ZWINT,845
TYMS,ZWINT,845
CDC25C,ZWINT,515
CDC25C,ZWINT,515
TTK,ZWINT,766
TTK,ZWINT,766
CEP55,ZWINT,867
CEP55,ZWINT,867
MED13L,MED12,999
MED13L,MED12,999
NCOA3,MED12,666
NCOA3,MED12,666
MCM5,CKS2,542
MCM5,CKS2,542
GMNN,CKS2,787
GMNN,CKS2,787
MND1,CKS2,455
MND1,CKS2,455
GINS2,CKS2,468
GINS2,CKS2,468
ESPL1,CKS2,450
ESPL1,CKS2,450
PKMYT1,CKS2,909
PKMYT1,CKS2,909
CDCA5,CKS2,580
CDCA5,CKS2,580
CENPU,CKS2,559
CENPU,CKS2,559
TPX2,CKS2,596
TPX2,CKS2,596
BUB1,CKS2,805
BUB1,CKS2,805
CKS1B,CKS2,993
CKS1B,CKS2,993
TYMS,CKS2,679
TYMS,CKS2,679
CDC25C,CKS2,588
CDC25C,CKS2,588
ATF3,CKS2,419
ATF3,CKS2,419
LMNA,CKS2,408
LMNA,CKS2,408
TTK,CKS2,639
TTK,CKS2,639
CEP55,CKS2,692
CEP55,CKS2,692
ZWINT,CKS2,618
ZWINT,CKS2,618
RALA,LST1,638
RALA,LST1,638
CFP,LST1,509
CFP,LST1,509
PDE4B,CACNA1F,555
PDE4B,CACNA1F,555
FER,CTTN,492
FER,CTTN,492
SSH1,CTTN,633
SSH1,CTTN,633
TUBB,HLA-E,454
TUBB,HLA-E,454
CD300A,HLA-E,657
CD300A,HLA-E,657
NFKBIA,CD83,495
NFKBIA,CD83,495
CD38,CD83,565
CD38,CD83,565
IL3RA,CD83,669
IL3RA,CD83,669
LMNA,CD83,527
LMNA,CD83,527
MCM5,PCNA,918
MCM5,PCNA,918
GMNN,PCNA,557
GMNN,PCNA,557
GINS2,PCNA,412
GINS2,PCNA,412
RPL8,PCNA,401
RPL8,PCNA,401
LIG1,PCNA,999
LIG1,PCNA,999
ASF1B,PCNA,491
ASF1B,PCNA,491
TPX2,PCNA,449
TPX2,PCNA,449
CKS1B,PCNA,594
CKS1B,PCNA,594
CLSPN,PCNA,597
CLSPN,PCNA,597
TYMS,PCNA,913
TYMS,PCNA,913
CHAF1B,PCNA,933
CHAF1B,PCNA,933
CDC25C,PCNA,679
CDC25C,PCNA,679
INSIG1,PCNA,512
INSIG1,PCNA,512
YBX1,PCNA,433
YBX1,PCNA,433
ZWINT,PCNA,538
ZWINT,PCNA,538
CKS2,PCNA,576
CKS2,PCNA,576
CD38,TNFRSF4,516
CD38,TNFRSF4,516
IL3RA,TNFRSF4,432
IL3RA,TNFRSF4,432
ACTA2,FSCN1,434
ACTA2,FSCN1,434
EREG,FSCN1,585
EREG,FSCN1,585
TUBB,FSCN1,528
TUBB,FSCN1,528
CTTN,FSCN1,771
CTTN,FSCN1,771
NFKBIA,SQSTM1,809
NFKBIA,SQSTM1,809
CRHBP,SQSTM1,447
CRHBP,SQSTM1,447
TUBB,SQSTM1,403
TUBB,SQSTM1,403
EIF4EBP1,SQSTM1,506
EIF4EBP1,SQSTM1,506
ATF3,SQSTM1,522
ATF3,SQSTM1,522
MAFG,SQSTM1,815
MAFG,SQSTM1,815
JUN,SQSTM1,589
JUN,SQSTM1,589
MRPS7,ATP5MC1,646
MRPS7,ATP5MC1,646
RPL8,ATP5MC1,513
RPL8,ATP5MC1,513
MRPL4,ATP5MC1,523
MRPL4,ATP5MC1,523
MCM5,PTTG1,453
MCM5,PTTG1,453
GMNN,PTTG1,532
GMNN,PTTG1,532
MND1,PTTG1,530
MND1,PTTG1,530
GINS2,PTTG1,553
GINS2,PTTG1,553
ESPL1,PTTG1,999
ESPL1,PTTG1,999
PKMYT1,PTTG1,696
PKMYT1,PTTG1,696
ASF1B,PTTG1,636
ASF1B,PTTG1,636
CDCA5,PTTG1,829
CDCA5,PTTG1,829
CENPU,PTTG1,504
CENPU,PTTG1,504
TPX2,PTTG1,921
TPX2,PTTG1,921
BUB1,PTTG1,955
BUB1,PTTG1,955
CKS1B,PTTG1,854
CKS1B,PTTG1,854
TYMS,PTTG1,703
TYMS,PTTG1,703
CDC25C,PTTG1,716
CDC25C,PTTG1,716
TUBB,PTTG1,428
TUBB,PTTG1,428
TTK,PTTG1,835
TTK,PTTG1,835
CEP55,PTTG1,892
CEP55,PTTG1,892
NCOA3,PTTG1,425
NCOA3,PTTG1,425
ZWINT,PTTG1,725
ZWINT,PTTG1,725
CKS2,PTTG1,888
CKS2,PTTG1,888
PCNA,PTTG1,411
PCNA,PTTG1,411
MT2A,MT1X,866
MT2A,MT1X,866
ZWINT,MT1X,423
ZWINT,MT1X,423
MCM5,KIF20A,723
MCM5,KIF20A,723
MND1,KIF20A,598
MND1,KIF20A,598
GINS2,KIF20A,554
GINS2,KIF20A,554
ESPL1,KIF20A,896
ESPL1,KIF20A,896
KLC4,KIF20A,572
KLC4,KIF20A,572
PKMYT1,KIF20A,446
PKMYT1,KIF20A,446
ASF1B,KIF20A,840
ASF1B,KIF20A,840
TMPO,KIF20A,516
TMPO,KIF20A,516
CDCA5,KIF20A,880
CDCA5,KIF20A,880
CENPU,KIF20A,564
CENPU,KIF20A,564
TPX2,KIF20A,972
TPX2,KIF20A,972
BUB1,KIF20A,959
BUB1,KIF20A,959
CKS1B,KIF20A,503
CKS1B,KIF20A,503
CLSPN,KIF20A,406
CLSPN,KIF20A,406
TYMS,KIF20A,682
TYMS,KIF20A,682
CHAF1B,KIF20A,556
CHAF1B,KIF20A,556
CDC25C,KIF20A,849
CDC25C,KIF20A,849
TUBB,KIF20A,465
TUBB,KIF20A,465
TTK,KIF20A,923
TTK,KIF20A,923
CEP55,KIF20A,962
CEP55,KIF20A,962
ZWINT,KIF20A,887
ZWINT,KIF20A,887
CKS2,KIF20A,666
CKS2,KIF20A,666
PCNA,KIF20A,429
PCNA,KIF20A,429
PTTG1,KIF20A,900
PTTG1,KIF20A,900
RALA,CDK1,409
RALA,CDK1,409
MCM5,CDK1,740
MCM5,CDK1,740
NFKBIA,CDK1,440
NFKBIA,CDK1,440
GMNN,CDK1,867
GMNN,CDK1,867
MND1,CDK1,805
MND1,CDK1,805
GINS2,CDK1,659
GINS2,CDK1,659
ESPL1,CDK1,995
ESPL1,CDK1,995
PKMYT1,CDK1,995
PKMYT1,CDK1,995
PRDX1,CDK1,485
PRDX1,CDK1,485
LIG1,CDK1,476
LIG1,CDK1,476
ASF1B,CDK1,641
ASF1B,CDK1,641
TMPO,CDK1,491
TMPO,CDK1,491
SAE1,CDK1,402
SAE1,CDK1,402
CDCA5,CDK1,979
CDCA5,CDK1,979
CENPU,CDK1,914
CENPU,CDK1,914
TPX2,CDK1,952
TPX2,CDK1,952
BUB1,CDK1,998
BUB1,CDK1,998
CKS1B,CDK1,999
CKS1B,CDK1,999
CLSPN,CDK1,730
CLSPN,CDK1,730
TYMS,CDK1,846
TYMS,CDK1,846
CHAF1B,CDK1,427
CHAF1B,CDK1,427
CDC25C,CDK1,999
CDC25C,CDK1,999
TUBB,CDK1,574
TUBB,CDK1,574
EIF4EBP1,CDK1,410
EIF4EBP1,CDK1,410
GATA2,CDK1,494
GATA2,CDK1,494
NUCKS1,CDK1,631
NUCKS1,CDK1,631
LMNA,CDK1,612
LMNA,CDK1,612
TTK,CDK1,905
TTK,CDK1,905
JUN,CDK1,778
JUN,CDK1,778
CEP55,CDK1,957
CEP55,CDK1,957
ZWINT,CDK1,950
ZWINT,CDK1,950
CKS2,CDK1,999
CKS2,CDK1,999
CTTN,CDK1,565
CTTN,CDK1,565
PCNA,CDK1,930
PCNA,CDK1,930
SQSTM1,CDK1,762
SQSTM1,CDK1,762
PTTG1,CDK1,985
PTTG1,CDK1,985
KIF20A,CDK1,958
KIF20A,CDK1,958
MRPS7,RPS29,862
MRPS7,RPS29,862
RPL8,RPS29,999
RPL8,RPS29,999
RPL37,RPS29,999
RPL37,RPS29,999
MRPL4,RPS29,845
MRPL4,RPS29,845
RPL38,RPS29,999
RPL38,RPS29,999
RPS21,RPS29,999
RPS21,RPS29,999
RPL39,RPS29,999
RPL39,RPS29,999
YBX1,RPS29,590
YBX1,RPS29,590
ATP5MC1,RPS29,535
ATP5MC1,RPS29,535
PRDX1,TSPO,474
PRDX1,TSPO,474
STAR,TSPO,993
STAR,TSPO,993
BAX,TSPO,719
BAX,TSPO,719
MECOM,ETV6,685
MECOM,ETV6,685
PER1,ETV6,429
PER1,ETV6,429
GATA2,ETV6,687
GATA2,ETV6,687
GAB2,ETV6,691
GAB2,ETV6,691
LMNA,ETV6,427
LMNA,ETV6,427
CD38,ITGB2,455
CD38,ITGB2,455
CFP,ITGB2,415
CFP,ITGB2,415
C5AR1,ITGB2,608
C5AR1,ITGB2,608
CD300A,ITGB2,598
CD300A,ITGB2,598
LST1,ITGB2,415
LST1,ITGB2,415
CD83,ITGB2,425
CD83,ITGB2,425
BHLHE40,CSNK1D,682
BHLHE40,CSNK1D,682
PER1,CSNK1D,984
PER1,CSNK1D,984
RPS21,CSNK1D,806
RPS21,CSNK1D,806
CTTN,CSNK1D,496
CTTN,CSNK1D,496
CDK1,CSNK1D,476
CDK1,CSNK1D,476
RPS29,CSNK1D,809
RPS29,CSNK1D,809
KLF2,RUNX3,497
KLF2,RUNX3,497
MECOM,RUNX3,481
MECOM,RUNX3,481
RARB,RUNX3,501
RARB,RUNX3,501
GATA2,RUNX3,458
GATA2,RUNX3,458
JUN,RUNX3,593
JUN,RUNX3,593
MRPS7,RPL31,944
MRPS7,RPL31,944
RPL8,RPL31,999
RPL8,RPL31,999
RPL37,RPL31,999
RPL37,RPL31,999
MRPL4,RPL31,952
MRPL4,RPL31,952
RPL38,RPL31,999
RPL38,RPL31,999
EIF4A2,RPL31,406
EIF4A2,RPL31,406
TUBB,RPL31,810
TUBB,RPL31,810
RPS21,RPL31,999
RPS21,RPL31,999
RPL39,RPL31,999
RPL39,RPL31,999
YBX1,RPL31,401
YBX1,RPL31,401
RPS29,RPL31,999
RPS29,RPL31,999
CHN2,CHN1,528
CHN2,CHN1,528
EEF1A2,IDH1,402
EEF1A2,IDH1,402
PRDX1,IDH1,487
PRDX1,IDH1,487
HK2,IDH1,569
HK2,IDH1,569
ALDH1A1,IDH1,739
ALDH1A1,IDH1,739
GATA2,IDH1,570
GATA2,IDH1,570
FDPS,IDH1,484
FDPS,IDH1,484
ACAT2,IDH1,426
ACAT2,IDH1,426
ECHS1,IDH1,541
ECHS1,IDH1,541
PGAM1,IDH1,624
PGAM1,IDH1,624
ETV6,IDH1,709
ETV6,IDH1,709
NFKBIA,CYLD,743
NFKBIA,CYLD,743
THOC3,CYLD,989
THOC3,CYLD,989
TRADD,CYLD,995
TRADD,CYLD,995
NFKB2,CYLD,514
NFKB2,CYLD,514
JUN,CYLD,424
JUN,CYLD,424
SQSTM1,CYLD,979
SQSTM1,CYLD,979
HSPE1,DHFR,575
HSPE1,DHFR,575
HMGCR,DHFR,432
HMGCR,DHFR,432
TYMS,DHFR,999
TYMS,DHFR,999
PCNA,DHFR,446
PCNA,DHFR,446
CDK1,DHFR,571
CDK1,DHFR,571
SP100,CALCOCO2,839
SP100,CALCOCO2,839
SQSTM1,CALCOCO2,981
SQSTM1,CALCOCO2,981
NFKBIA,MAVS,812
NFKBIA,MAVS,812
HK2,MAVS,519
HK2,MAVS,519
TRADD,MAVS,996
TRADD,MAVS,996
NFKB2,MAVS,618
NFKB2,MAVS,618
JUN,MAVS,459
JUN,MAVS,459
SQSTM1,MAVS,753
SQSTM1,MAVS,753
CYLD,MAVS,709
CYLD,MAVS,709
CALCOCO2,MAVS,798
CALCOCO2,MAVS,798
MCM5,RACGAP1,448
MCM5,RACGAP1,448
GMNN,RACGAP1,433
GMNN,RACGAP1,433
MND1,RACGAP1,573
MND1,RACGAP1,573
GINS2,RACGAP1,408
GINS2,RACGAP1,408
ESPL1,RACGAP1,627
ESPL1,RACGAP1,627
KLC4,RACGAP1,411
KLC4,RACGAP1,411
ASF1B,RACGAP1,472
ASF1B,RACGAP1,472
RHOB,RACGAP1,620
RHOB,RACGAP1,620
CDCA5,RACGAP1,843
CDCA5,RACGAP1,843
CENPU,RACGAP1,719
CENPU,RACGAP1,719
TPX2,RACGAP1,864
TPX2,RACGAP1,864
BUB1,RACGAP1,843
BUB1,RACGAP1,843
CKS1B,RACGAP1,441
CKS1B,RACGAP1,441
CLSPN,RACGAP1,557
CLSPN,RACGAP1,557
TYMS,RACGAP1,611
TYMS,RACGAP1,611
CDC25C,RACGAP1,503
CDC25C,RACGAP1,503
TTK,RACGAP1,845
TTK,RACGAP1,845
CEP55,RACGAP1,958
CEP55,RACGAP1,958
ZWINT,RACGAP1,925
ZWINT,RACGAP1,925
CKS2,RACGAP1,624
CKS2,RACGAP1,624
PCNA,RACGAP1,523
PCNA,RACGAP1,523
PTTG1,RACGAP1,822
PTTG1,RACGAP1,822
KIF20A,RACGAP1,997
KIF20A,RACGAP1,997
CDK1,RACGAP1,960
CDK1,RACGAP1,960
MRPS7,RPL36A,806
MRPS7,RPL36A,806
RPL8,RPL36A,999
RPL8,RPL36A,999
RPL37,RPL36A,999
RPL37,RPL36A,999
MRPL4,RPL36A,722
MRPL4,RPL36A,722
RPL38,RPL36A,999
RPL38,RPL36A,999
TUBB,RPL36A,818
TUBB,RPL36A,818
RPS21,RPL36A,999
RPS21,RPL36A,999
RPL39,RPL36A,999
RPL39,RPL36A,999
RPS29,RPL36A,999
RPS29,RPL36A,999
RPL31,RPL36A,999
RPL31,RPL36A,999
ALDH1A2,PBX1,519
ALDH1A2,PBX1,519
MECOM,PBX1,456
MECOM,PBX1,456
GATA2,PBX1,439
GATA2,PBX1,439
PBXIP1,PBX1,624
PBXIP1,PBX1,624
NCOA3,PBX1,582
NCOA3,PBX1,582
ETV6,PBX1,796
ETV6,PBX1,796
DUSP1,MAP2K4,618
DUSP1,MAP2K4,618
JUN,MAP2K4,921
JUN,MAP2K4,921
TYMS,STMN1,721
TYMS,STMN1,721
TUBB,STMN1,539
TUBB,STMN1,539
PGAM1,STMN1,495
PGAM1,STMN1,495
CEP55,STMN1,484
CEP55,STMN1,484
ZWINT,STMN1,408
ZWINT,STMN1,408
PTTG1,STMN1,503
PTTG1,STMN1,503
KIF20A,STMN1,439
KIF20A,STMN1,439
CDK1,STMN1,600
CDK1,STMN1,600
NFKBIA,PTPRC,509
NFKBIA,PTPRC,509
ACTA2,PTPRC,461
ACTA2,PTPRC,461
CD38,PTPRC,864
CD38,PTPRC,864
KLF2,PTPRC,427
KLF2,PTPRC,427
PTPN7,PTPRC,435
PTPN7,PTPRC,435
IL3RA,PTPRC,749
IL3RA,PTPRC,749
TUBB,PTPRC,439
TUBB,PTPRC,439
GATA2,PTPRC,485
GATA2,PTPRC,485
C5AR1,PTPRC,518
C5AR1,PTPRC,518
GAD1,PTPRC,439
GAD1,PTPRC,439
CD300A,PTPRC,491
CD300A,PTPRC,491
JUN,PTPRC,582
JUN,PTPRC,582
HLA-E,PTPRC,464
HLA-E,PTPRC,464
CD83,PTPRC,611
CD83,PTPRC,611
TNFRSF4,PTPRC,574
TNFRSF4,PTPRC,574
ITGB2,PTPRC,870
ITGB2,PTPRC,870
RUNX3,PTPRC,503
RUNX3,PTPRC,503
MCM5,TOP2A,755
MCM5,TOP2A,755
GMNN,TOP2A,527
GMNN,TOP2A,527
HSPE1,TOP2A,404
HSPE1,TOP2A,404
MND1,TOP2A,616
MND1,TOP2A,616
GINS2,TOP2A,711
GINS2,TOP2A,711
ESPL1,TOP2A,909
ESPL1,TOP2A,909
PKMYT1,TOP2A,503
PKMYT1,TOP2A,503
RPL8,TOP2A,443
RPL8,TOP2A,443
LIG1,TOP2A,570
LIG1,TOP2A,570
ASF1B,TOP2A,709
ASF1B,TOP2A,709
TMPO,TOP2A,481
TMPO,TOP2A,481
CDCA5,TOP2A,917
CDCA5,TOP2A,917
CENPU,TOP2A,688
CENPU,TOP2A,688
HMGCR,TOP2A,403
HMGCR,TOP2A,403
TPX2,TOP2A,942
TPX2,TOP2A,942
BUB1,TOP2A,982
BUB1,TOP2A,982
CKS1B,TOP2A,551
CKS1B,TOP2A,551
CLSPN,TOP2A,676
CLSPN,TOP2A,676
TYMS,TOP2A,960
TYMS,TOP2A,960
CHAF1B,TOP2A,437
CHAF1B,TOP2A,437
CDC25C,TOP2A,797
CDC25C,TOP2A,797
TUBB,TOP2A,593
TUBB,TOP2A,593
TTK,TOP2A,958
TTK,TOP2A,958
JUN,TOP2A,525
JUN,TOP2A,525
CEP55,TOP2A,928
CEP55,TOP2A,928
ZWINT,TOP2A,875
ZWINT,TOP2A,875
CKS2,TOP2A,708
CKS2,TOP2A,708
PCNA,TOP2A,789
PCNA,TOP2A,789
PTTG1,TOP2A,942
PTTG1,TOP2A,942
KIF20A,TOP2A,974
KIF20A,TOP2A,974
CDK1,TOP2A,997
CDK1,TOP2A,997
IDH1,TOP2A,444
IDH1,TOP2A,444
DHFR,TOP2A,639
DHFR,TOP2A,639
RACGAP1,TOP2A,882
RACGAP1,TOP2A,882
STMN1,TOP2A,588
STMN1,TOP2A,588
PFKFB4,SLC2A1,677
PFKFB4,SLC2A1,677
BHLHE40,SLC2A1,401
BHLHE40,SLC2A1,401
HK2,SLC2A1,811
HK2,SLC2A1,811
TYMS,SLC2A1,453
TYMS,SLC2A1,453
EIF4EBP1,SLC2A1,442
EIF4EBP1,SLC2A1,442
PGAM1,SLC2A1,607
PGAM1,SLC2A1,607
JUN,SLC2A1,409
JUN,SLC2A1,409
IDH1,SLC2A1,535
IDH1,SLC2A1,535
HSPE1,FDXR,513
HSPE1,FDXR,513
STAR,FDXR,886
STAR,FDXR,886
TYMS,FDXR,532
TYMS,FDXR,532
BOLA3,FDXR,414
BOLA3,FDXR,414
TSPO,FDXR,530
TSPO,FDXR,530
IDH1,FDXR,670
IDH1,FDXR,670
DHFR,FDXR,427
DHFR,FDXR,427
SAE1,GPHN,502
SAE1,GPHN,502
GAD1,GPHN,660
GAD1,GPHN,660
CD38,CD200,551
CD38,CD200,551
IL3RA,CD200,410
IL3RA,CD200,410
TNFRSF4,CD200,421
TNFRSF4,CD200,421
PTPRC,CD200,937
PTPRC,CD200,937
FSCN1,MYO10,629
FSCN1,MYO10,629
KLC4,DPYSL2,626
KLC4,DPYSL2,626
FES,DPYSL2,926
FES,DPYSL2,926
TUBB,DPYSL2,414
TUBB,DPYSL2,414
PGAM1,DPYSL2,402
PGAM1,DPYSL2,402
AHNAK,DPYSL2,482
AHNAK,DPYSL2,482
STMN1,DPYSL2,516
STMN1,DPYSL2,516
FDXR,DPYSL2,437
FDXR,DPYSL2,437
PTPRC,ANGPT1,481
PTPRC,ANGPT1,481
RALA,PLCD1,827
RALA,PLCD1,827
PI4KB,PLCD1,773
PI4KB,PLCD1,773
GATA2,FLI1,928
GATA2,FLI1,928
CDK1,FLI1,603
CDK1,FLI1,603
ETV6,FLI1,419
ETV6,FLI1,419
NFKBIA,HIF1A,735
NFKBIA,HIF1A,735
PFKFB4,HIF1A,602
PFKFB4,HIF1A,602
DUSP1,HIF1A,575
DUSP1,HIF1A,575
EGR1,HIF1A,552
EGR1,HIF1A,552
KLF2,HIF1A,426
KLF2,HIF1A,426
BHLHE40,HIF1A,533
BHLHE40,HIF1A,533
HMGCR,HIF1A,451
HMGCR,HIF1A,451
HK2,HIF1A,740
HK2,HIF1A,740
BAX,HIF1A,447
BAX,HIF1A,447
ALDH1A1,HIF1A,451
ALDH1A1,HIF1A,451
PPARD,HIF1A,510
PPARD,HIF1A,510
TYMS,HIF1A,586
TYMS,HIF1A,586
EIF4EBP1,HIF1A,582
EIF4EBP1,HIF1A,582
ATF3,HIF1A,485
ATF3,HIF1A,485
GATA2,HIF1A,584
GATA2,HIF1A,584
MAFG,HIF1A,522
MAFG,HIF1A,522
USF1,HIF1A,616
USF1,HIF1A,616
PGAM1,HIF1A,480
PGAM1,HIF1A,480
JUN,HIF1A,961
JUN,HIF1A,961
NCOA3,HIF1A,483
NCOA3,HIF1A,483
YBX1,HIF1A,421
YBX1,HIF1A,421
SQSTM1,HIF1A,591
SQSTM1,HIF1A,591
CDK1,HIF1A,793
CDK1,HIF1A,793
TSPO,HIF1A,482
TSPO,HIF1A,482
CSNK1D,HIF1A,440
CSNK1D,HIF1A,440
RUNX3,HIF1A,502
RUNX3,HIF1A,502
IDH1,HIF1A,688
IDH1,HIF1A,688
RACGAP1,HIF1A,617
RACGAP1,HIF1A,617
PTPRC,HIF1A,553
PTPRC,HIF1A,553
SLC2A1,HIF1A,902
SLC2A1,HIF1A,902
ANGPT1,HIF1A,653
ANGPT1,HIF1A,653
RALA,TUBA1A,458
RALA,TUBA1A,458
NFKBIA,TUBA1A,580
NFKBIA,TUBA1A,580
EEF1A2,TUBA1A,408
EEF1A2,TUBA1A,408
ACTA2,TUBA1A,404
ACTA2,TUBA1A,404
TUBB,TUBA1A,996
TUBB,TUBA1A,996
YBX1,TUBA1A,460
YBX1,TUBA1A,460
SQSTM1,TUBA1A,613
SQSTM1,TUBA1A,613
CYLD,TUBA1A,548
CYLD,TUBA1A,548
STMN1,TUBA1A,419
STMN1,TUBA1A,419
TOP2A,TUBA1A,537
TOP2A,TUBA1A,537
DPYSL2,TUBA1A,438
DPYSL2,TUBA1A,438
HIF1A,TUBA1A,454
HIF1A,TUBA1A,454
ATF3,NFE2,407
ATF3,NFE2,407
GATA2,NFE2,631
GATA2,NFE2,631
MAFG,NFE2,998
MAFG,NFE2,998
USF1,NFE2,458
USF1,NFE2,458
JUN,NFE2,625
JUN,NFE2,625
PRDX1,SESN3,710
PRDX1,SESN3,710
CD38,TET2,400
CD38,TET2,400
GATA2,TET2,662
GATA2,TET2,662
ETV6,TET2,794
ETV6,TET2,794
IDH1,TET2,914
IDH1,TET2,914
PTPRC,TET2,427
PTPRC,TET2,427
HIF1A,TET2,418
HIF1A,TET2,418
NFKBIA,SOD2,705
NFKBIA,SOD2,705
HSPE1,SOD2,674
HSPE1,SOD2,674
MRPS7,SOD2,545
MRPS7,SOD2,545
RPL8,SOD2,563
RPL8,SOD2,563
PRDX1,SOD2,745
PRDX1,SOD2,745
MRPL4,SOD2,795
MRPL4,SOD2,795
ECHS1,SOD2,500
ECHS1,SOD2,500
PGAM1,SOD2,422
PGAM1,SOD2,422
JUN,SOD2,456
JUN,SOD2,456
RPS29,SOD2,551
RPS29,SOD2,551
IDH1,SOD2,494
IDH1,SOD2,494
DHFR,SOD2,409
DHFR,SOD2,409
SLC2A1,SOD2,410
SLC2A1,SOD2,410
FDXR,SOD2,406
FDXR,SOD2,406
HIF1A,SOD2,639
HIF1A,SOD2,639
NFKBIA,APAF1,451
NFKBIA,APAF1,451
BAX,APAF1,922
BAX,APAF1,922
TRADD,APAF1,606
TRADD,APAF1,606
JUN,APAF1,573
JUN,APAF1,573
SQSTM1,APAF1,470
SQSTM1,APAF1,470
CDK1,APAF1,513
CDK1,APAF1,513
HIF1A,APAF1,423
HIF1A,APAF1,423
RPL8,DDIT3,506
RPL8,DDIT3,506
RPL37,DDIT3,505
RPL37,DDIT3,505
BAX,DDIT3,555
BAX,DDIT3,555
RPL38,DDIT3,517
RPL38,DDIT3,517
ATF3,DDIT3,988
ATF3,DDIT3,988
RPS21,DDIT3,503
RPS21,DDIT3,503
RPL39,DDIT3,537
RPL39,DDIT3,537
USF1,DDIT3,443
USF1,DDIT3,443
JUN,DDIT3,889
JUN,DDIT3,889
SQSTM1,DDIT3,440
SQSTM1,DDIT3,440
RPS29,DDIT3,546
RPS29,DDIT3,546
RPL31,DDIT3,510
RPL31,DDIT3,510
RPL36A,DDIT3,534
RPL36A,DDIT3,534
HIF1A,DDIT3,444
HIF1A,DDIT3,444
DUSP1,IER2,749
DUSP1,IER2,749
EGR1,IER2,908
EGR1,IER2,908
BTG2,IER2,636
BTG2,IER2,636
ATF3,IER2,718
ATF3,IER2,718
NR4A2,IER2,651
NR4A2,IER2,651
JUN,IER2,681
JUN,IER2,681
MRPS7,RAD23A,505
MRPS7,RAD23A,505
RPL8,RAD23A,471
RPL8,RAD23A,471
XPC,RAD23A,998
XPC,RAD23A,998
MRPL4,RAD23A,448
MRPL4,RAD23A,448
RPL38,RAD23A,619
RPL38,RAD23A,619
RPS21,RAD23A,620
RPS21,RAD23A,620
SQSTM1,RAD23A,645
SQSTM1,RAD23A,645
RPS29,RAD23A,462
RPS29,RAD23A,462
RPL31,RAD23A,587
RPL31,RAD23A,587
RPL36A,RAD23A,452
RPL36A,RAD23A,452
MCM5,TK1,809
MCM5,TK1,809
GMNN,TK1,418
GMNN,TK1,418
MND1,TK1,404
MND1,TK1,404
GINS2,TK1,572
GINS2,TK1,572
PKMYT1,TK1,601
PKMYT1,TK1,601
ASF1B,TK1,648
ASF1B,TK1,648
CDCA5,TK1,671
CDCA5,TK1,671
CENPU,TK1,453
CENPU,TK1,453
ALDH1A1,TK1,467
ALDH1A1,TK1,467
TPX2,TK1,792
TPX2,TK1,792
BUB1,TK1,707
BUB1,TK1,707
CKS1B,TK1,476
CKS1B,TK1,476
TYMS,TK1,991
TYMS,TK1,991
CDC25C,TK1,443
CDC25C,TK1,443
TTK,TK1,563
TTK,TK1,563
CEP55,TK1,802
CEP55,TK1,802
ZWINT,TK1,898
ZWINT,TK1,898
CKS2,TK1,653
CKS2,TK1,653
PCNA,TK1,579
PCNA,TK1,579
PTTG1,TK1,788
PTTG1,TK1,788
KIF20A,TK1,791
KIF20A,TK1,791
CDK1,TK1,840
CDK1,TK1,840
DHFR,TK1,885
DHFR,TK1,885
RACGAP1,TK1,494
RACGAP1,TK1,494
TOP2A,TK1,806
TOP2A,TK1,806
SLC2A1,TK1,479
SLC2A1,TK1,479
TRADD,DYRK1B,464
TRADD,DYRK1B,464
NFKBIA,IRF3,686
NFKBIA,IRF3,686
PRDX1,IRF3,481
PRDX1,IRF3,481
BAX,IRF3,880
BAX,IRF3,880
TRADD,IRF3,505
TRADD,IRF3,505
USF1,IRF3,401
USF1,IRF3,401
NFKB2,IRF3,633
NFKB2,IRF3,633
JUN,IRF3,998
JUN,IRF3,998
SQSTM1,IRF3,688
SQSTM1,IRF3,688
CYLD,IRF3,480
CYLD,IRF3,480
CALCOCO2,IRF3,704
CALCOCO2,IRF3,704
MAVS,IRF3,998
MAVS,IRF3,998
PTPRC,IRF3,423
PTPRC,IRF3,423
EEF1A2,RPS28,616
EEF1A2,RPS28,616
MRPS7,RPS28,961
MRPS7,RPS28,961
DDX60L,RPS28,456
DDX60L,RPS28,456
RPL8,RPS28,999
RPL8,RPS28,999
RPL37,RPS28,999
RPL37,RPS28,999
MRPL4,RPS28,934
MRPL4,RPS28,934
RPL38,RPS28,999
RPL38,RPS28,999
EIF4A2,RPS28,475
EIF4A2,RPS28,475
RPS21,RPS28,999
RPS21,RPS28,999
RPL39,RPS28,999
RPL39,RPS28,999
YBX1,RPS28,620
YBX1,RPS28,620
RPS29,RPS28,999
RPS29,RPS28,999
CSNK1D,RPS28,803
CSNK1D,RPS28,803
RPL31,RPS28,999
RPL31,RPS28,999
RPL36A,RPS28,999
RPL36A,RPS28,999
DDIT3,RPS28,507
DDIT3,RPS28,507
RAD23A,RPS28,611
RAD23A,RPS28,611
RALA,MYC,445
RALA,MYC,445
MCM5,MYC,430
MCM5,MYC,430
NFKBIA,MYC,639
NFKBIA,MYC,639
CD38,MYC,700
CD38,MYC,700
DUSP1,MYC,646
DUSP1,MYC,646
EGR1,MYC,873
EGR1,MYC,873
MT2A,MYC,515
MT2A,MYC,515
KLF2,MYC,779
KLF2,MYC,779
PRDX1,MYC,766
PRDX1,MYC,766
SAE1,MYC,493
SAE1,MYC,493
RHOB,MYC,403
RHOB,MYC,403
BTG2,MYC,403
BTG2,MYC,403
HK2,MYC,657
HK2,MYC,657
BAX,MYC,415
BAX,MYC,415
ALDH1A1,MYC,592
ALDH1A1,MYC,592
TPX2,MYC,456
TPX2,MYC,456
BUB1,MYC,608
BUB1,MYC,608
PPARD,MYC,626
PPARD,MYC,626
CKS1B,MYC,668
CKS1B,MYC,668
CLSPN,MYC,623
CLSPN,MYC,623
TYMS,MYC,459
TYMS,MYC,459
CHAF1B,MYC,595
CHAF1B,MYC,595
CDC25C,MYC,501
CDC25C,MYC,501
EIF4A2,MYC,482
EIF4A2,MYC,482
TUBB,MYC,574
TUBB,MYC,574
EIF4EBP1,MYC,624
EIF4EBP1,MYC,624
SP100,MYC,518
SP100,MYC,518
ATF3,MYC,737
ATF3,MYC,737
GATA2,MYC,569
GATA2,MYC,569
USF1,MYC,605
USF1,MYC,605
LMNA,MYC,605
LMNA,MYC,605
NFKB2,MYC,682
NFKB2,MYC,682
JUN,MYC,970
JUN,MYC,970
NCOA3,MYC,845
NCOA3,MYC,845
YBX1,MYC,823
YBX1,MYC,823
MED12,MYC,464
MED12,MYC,464
CTTN,MYC,493
CTTN,MYC,493
PCNA,MYC,464
PCNA,MYC,464
FSCN1,MYC,438
FSCN1,MYC,438
SQSTM1,MYC,551
SQSTM1,MYC,551
PTTG1,MYC,450
PTTG1,MYC,450
CDK1,MYC,755
CDK1,MYC,755
ETV6,MYC,531
ETV6,MYC,531
ITGB2,MYC,536
ITGB2,MYC,536
RUNX3,MYC,837
RUNX3,MYC,837
IDH1,MYC,740
IDH1,MYC,740
CYLD,MYC,406
CYLD,MYC,406
DHFR,MYC,526
DHFR,MYC,526
PBX1,MYC,419
PBX1,MYC,419
MAP2K4,MYC,443
MAP2K4,MYC,443
STMN1,MYC,524
STMN1,MYC,524
PTPRC,MYC,612
PTPRC,MYC,612
TOP2A,MYC,577
TOP2A,MYC,577
SLC2A1,MYC,700
SLC2A1,MYC,700
HIF1A,MYC,993
HIF1A,MYC,993
TUBA1A,MYC,525
TUBA1A,MYC,525
NFE2,MYC,404
NFE2,MYC,404
TET2,MYC,658
TET2,MYC,658
SOD2,MYC,628
SOD2,MYC,628
APAF1,MYC,527
APAF1,MYC,527
TK1,MYC,433
TK1,MYC,433
IRF3,MYC,481
IRF3,MYC,481
MCM5,PHB,598
MCM5,PHB,598
HSPE1,PHB,660
HSPE1,PHB,660
MRPS7,PHB,704
MRPS7,PHB,704
RPL8,PHB,419
RPL8,PHB,419
PRDX1,PHB,551
PRDX1,PHB,551
TYMS,PHB,406
TYMS,PHB,406
TUBB,PHB,516
TUBB,PHB,516
LMNA,PHB,437
LMNA,PHB,437
ECHS1,PHB,446
ECHS1,PHB,446
PCNA,PHB,403
PCNA,PHB,403
SQSTM1,PHB,434
SQSTM1,PHB,434
ATP5MC1,PHB,418
ATP5MC1,PHB,418
CDK1,PHB,426
CDK1,PHB,426
MAVS,PHB,505
MAVS,PHB,505
STMN1,PHB,492
STMN1,PHB,492
MYC,PHB,645
MYC,PHB,645
MCM5,POLD2,716
MCM5,POLD2,716
GINS2,POLD2,468
GINS2,POLD2,468
LIG1,POLD2,793
LIG1,POLD2,793
PCNA,POLD2,998
PCNA,POLD2,998
MYC,POLD2,453
MYC,POLD2,453
MCM5,MCM3,999
MCM5,MCM3,999
GMNN,MCM3,864
GMNN,MCM3,864
MND1,MCM3,400
MND1,MCM3,400
GINS2,MCM3,999
GINS2,MCM3,999
ESPL1,MCM3,569
ESPL1,MCM3,569
PKMYT1,MCM3,564
PKMYT1,MCM3,564
LIG1,MCM3,822
LIG1,MCM3,822
ASF1B,MCM3,832
ASF1B,MCM3,832
TMPO,MCM3,490
TMPO,MCM3,490
SAE1,MCM3,440
SAE1,MCM3,440
CDCA5,MCM3,568
CDCA5,MCM3,568
CENPU,MCM3,533
CENPU,MCM3,533
BUB1,MCM3,700
BUB1,MCM3,700
CKS1B,MCM3,421
CKS1B,MCM3,421
CLSPN,MCM3,952
CLSPN,MCM3,952
TYMS,MCM3,704
TYMS,MCM3,704
CHAF1B,MCM3,510
CHAF1B,MCM3,510
CDC25C,MCM3,454
CDC25C,MCM3,454
TUBB,MCM3,510
TUBB,MCM3,510
TTK,MCM3,590
TTK,MCM3,590
YBX1,MCM3,426
YBX1,MCM3,426
ZWINT,MCM3,682
ZWINT,MCM3,682
CKS2,MCM3,420
CKS2,MCM3,420
PCNA,MCM3,975
PCNA,MCM3,975
PTTG1,MCM3,564
PTTG1,MCM3,564
KIF20A,MCM3,654
KIF20A,MCM3,654
CDK1,MCM3,748
CDK1,MCM3,748
RACGAP1,MCM3,545
RACGAP1,MCM3,545
TOP2A,MCM3,753
TOP2A,MCM3,753
TK1,MCM3,685
TK1,MCM3,685
MYC,MCM3,672
MYC,MCM3,672
PHB,MCM3,443
PHB,MCM3,443
POLD2,MCM3,896
POLD2,MCM3,896
TOP2A,SOCS2,427
TOP2A,SOCS2,427
NFKBIA,TNFAIP3,870
NFKBIA,TNFAIP3,870
DUSP1,TNFAIP3,466
DUSP1,TNFAIP3,466
EGR1,TNFAIP3,411
EGR1,TNFAIP3,411
NFKBIZ,TNFAIP3,788
NFKBIZ,TNFAIP3,788
TRADD,TNFAIP3,850
TRADD,TNFAIP3,850
ATF3,TNFAIP3,543
ATF3,TNFAIP3,543
NFKB2,TNFAIP3,770
NFKB2,TNFAIP3,770
JUN,TNFAIP3,553
JUN,TNFAIP3,553
CD83,TNFAIP3,595
CD83,TNFAIP3,595
SQSTM1,TNFAIP3,435
SQSTM1,TNFAIP3,435
CYLD,TNFAIP3,674
CYLD,TNFAIP3,674
CALCOCO2,TNFAIP3,451
CALCOCO2,TNFAIP3,451
PTPRC,TNFAIP3,413
PTPRC,TNFAIP3,413
SOD2,TNFAIP3,480
SOD2,TNFAIP3,480
IRF3,TNFAIP3,422
IRF3,TNFAIP3,422
MYC,TNFAIP3,437
MYC,TNFAIP3,437
ACTA2,ZEB2,502
ACTA2,ZEB2,502
EREG,ZEB2,476
EREG,ZEB2,476
ALDH1A1,ZEB2,440
ALDH1A1,ZEB2,440
JUN,ZEB2,430
JUN,ZEB2,430
HIF1A,ZEB2,536
HIF1A,ZEB2,536
MYC,ZEB2,589
MYC,ZEB2,589
CYP51A1,FDFT1,997
CYP51A1,FDFT1,997
MVK,FDFT1,895
MVK,FDFT1,895
RPL8,FDFT1,428
RPL8,FDFT1,428
HMGCR,FDFT1,954
HMGCR,FDFT1,954
HMGCS1,FDFT1,988
HMGCS1,FDFT1,988
INSIG1,FDFT1,774
INSIG1,FDFT1,774
FDPS,FDFT1,995
FDPS,FDFT1,995
ACAT2,FDFT1,822
ACAT2,FDFT1,822
TUBA1A,FDFT1,412
TUBA1A,FDFT1,412
GMNN,UBE2T,693
GMNN,UBE2T,693
MND1,UBE2T,663
MND1,UBE2T,663
GINS2,UBE2T,577
GINS2,UBE2T,577
ASF1B,UBE2T,492
ASF1B,UBE2T,492
CDCA5,UBE2T,823
CDCA5,UBE2T,823
CENPU,UBE2T,526
CENPU,UBE2T,526
TPX2,UBE2T,799
TPX2,UBE2T,799
BUB1,UBE2T,730
BUB1,UBE2T,730
CKS1B,UBE2T,717
CKS1B,UBE2T,717
TYMS,UBE2T,671
TYMS,UBE2T,671
CDC25C,UBE2T,432
CDC25C,UBE2T,432
TTK,UBE2T,565
TTK,UBE2T,565
CEP55,UBE2T,768
CEP55,UBE2T,768
ZWINT,UBE2T,730
ZWINT,UBE2T,730
CKS2,UBE2T,610
CKS2,UBE2T,610
PCNA,UBE2T,603
PCNA,UBE2T,603
PTTG1,UBE2T,854
PTTG1,UBE2T,854
KIF20A,UBE2T,687
KIF20A,UBE2T,687
CDK1,UBE2T,844
CDK1,UBE2T,844
RACGAP1,UBE2T,516
RACGAP1,UBE2T,516
TOP2A,UBE2T,672
TOP2A,UBE2T,672
TK1,UBE2T,705
TK1,UBE2T,705
EEF1A2,ENO1,489
EEF1A2,ENO1,489
PFKFB4,ENO1,624
PFKFB4,ENO1,624
HSPE1,ENO1,710
HSPE1,ENO1,710
RPL8,ENO1,514
RPL8,ENO1,514
PRDX1,ENO1,724
PRDX1,ENO1,724
HK2,ENO1,724
HK2,ENO1,724
MRPL4,ENO1,660
MRPL4,ENO1,660
TYMS,ENO1,443
TYMS,ENO1,443
TUBB,ENO1,617
TUBB,ENO1,617
FDPS,ENO1,453
FDPS,ENO1,453
GUK1,ENO1,469
GUK1,ENO1,469
ECHS1,ENO1,482
ECHS1,ENO1,482
PGAM1,ENO1,996
PGAM1,ENO1,996
JUN,ENO1,596
JUN,ENO1,596
AHNAK,ENO1,534
AHNAK,ENO1,534
PCNA,ENO1,542
PCNA,ENO1,542
RPS29,ENO1,454
RPS29,ENO1,454
IDH1,ENO1,765
IDH1,ENO1,765
STMN1,ENO1,480
STMN1,ENO1,480
SLC2A1,ENO1,695
SLC2A1,ENO1,695
DPYSL2,ENO1,478
DPYSL2,ENO1,478
HIF1A,ENO1,586
HIF1A,ENO1,586
TUBA1A,ENO1,769
TUBA1A,ENO1,769
SOD2,ENO1,543
SOD2,ENO1,543
TK1,ENO1,429
TK1,ENO1,429
MYC,ENO1,592
MYC,ENO1,592
PHB,ENO1,618
PHB,ENO1,618
EREG,IGF1R,759
EREG,IGF1R,759
HMGCR,IGF1R,405
HMGCR,IGF1R,405
EIF4EBP1,IGF1R,506
EIF4EBP1,IGF1R,506
JUN,IGF1R,574
JUN,IGF1R,574
PCNA,IGF1R,598
PCNA,IGF1R,598
PTPRC,IGF1R,572
PTPRC,IGF1R,572
SLC2A1,IGF1R,623
SLC2A1,IGF1R,623
ANGPT1,IGF1R,732
ANGPT1,IGF1R,732
HIF1A,IGF1R,752
HIF1A,IGF1R,752
MYC,IGF1R,712
MYC,IGF1R,712
SOCS2,IGF1R,787
SOCS2,IGF1R,787
KLC4,APLP2,455
KLC4,APLP2,455
CD200,APLP2,469
CD200,APLP2,469
TYMS,SLC29A1,560
TYMS,SLC29A1,560
TK1,SLC29A1,628
TK1,SLC29A1,628
MCM5,NUSAP1,523
MCM5,NUSAP1,523
GMNN,NUSAP1,572
GMNN,NUSAP1,572
MND1,NUSAP1,590
MND1,NUSAP1,590
GINS2,NUSAP1,661
GINS2,NUSAP1,661
ESPL1,NUSAP1,704
ESPL1,NUSAP1,704
ASF1B,NUSAP1,739
ASF1B,NUSAP1,739
TMPO,NUSAP1,631
TMPO,NUSAP1,631
CDCA5,NUSAP1,832
CDCA5,NUSAP1,832
CENPU,NUSAP1,698
CENPU,NUSAP1,698
TPX2,NUSAP1,964
TPX2,NUSAP1,964
BUB1,NUSAP1,937
BUB1,NUSAP1,937
CKS1B,NUSAP1,603
CKS1B,NUSAP1,603
CLSPN,NUSAP1,452
CLSPN,NUSAP1,452
TYMS,NUSAP1,905
TYMS,NUSAP1,905
CHAF1B,NUSAP1,479
CHAF1B,NUSAP1,479
CDC25C,NUSAP1,677
CDC25C,NUSAP1,677
TTK,NUSAP1,926
TTK,NUSAP1,926
CEP55,NUSAP1,930
CEP55,NUSAP1,930
ZWINT,NUSAP1,902
ZWINT,NUSAP1,902
CKS2,NUSAP1,774
CKS2,NUSAP1,774
PCNA,NUSAP1,474
PCNA,NUSAP1,474
PTTG1,NUSAP1,906
PTTG1,NUSAP1,906
KIF20A,NUSAP1,956
KIF20A,NUSAP1,956
CDK1,NUSAP1,946
CDK1,NUSAP1,946
RACGAP1,NUSAP1,869
RACGAP1,NUSAP1,869
STMN1,NUSAP1,455
STMN1,NUSAP1,455
TOP2A,NUSAP1,999
TOP2A,NUSAP1,999
TK1,NUSAP1,747
TK1,NUSAP1,747
MCM3,NUSAP1,472
MCM3,NUSAP1,472
UBE2T,NUSAP1,650
UBE2T,NUSAP1,650
